path	issue	family	current_name	role	kind	subject	detail	sheet	cell	of	grid	sheet_objects_in_reading_order
raw/deep-space-nebula-veil-a-single-square.png	content-mismatch	unknown	deep-space-nebula-veil-a-single-square	sheet	ship	fleet of dark warships		raw/deep-space-nebula-veil-a-single-square.png			1x1	large central capital ship
raw/full-screen-vignette-burnt-ember-c8461.png	content-mismatch	unknown	full-screen-vignette-burnt-ember-c8461	sheet	ship	massive fortified space battleship		raw/full-screen-vignette-burnt-ember-c8461.png			1x1	fortified space battleship
raw/seamless-tileable-foreground-dust-layer.png	content-mismatch	unknown	seamless-tileable-foreground-dust-layer	sheet	ship	large damaged spaceship in space		raw/seamless-tileable-foreground-dust-layer.png			1x1	large damaged spaceship
raw/seamless-tileable-starfield-layer-a-fla.png	content-mismatch	unknown	seamless-tileable-starfield-layer-a-fla	sheet	ship	weathered sci-fi combat starship		raw/seamless-tileable-starfield-layer-a-fla.png			1x1	weathered combat starship
raw/seamless-tileable-void-haze-layer-soft.png	content-mismatch	unknown	seamless-tileable-void-haze-layer-soft	sheet	ship	space fleet in nebula		raw/seamless-tileable-void-haze-layer-soft.png			1x1	large central battleship | top right heavy cruiser | top center escort ship | bottom left light cruiser | center small escort | bottom center small escort | top left small escort | right small escort | bottom right tiny escort
raw/seamless-tileable-void-haze-texture-abs.png	content-mismatch	unknown	seamless-tileable-void-haze-texture-abs	sheet	ship	large weathered sci-fi battlecruiser		raw/seamless-tileable-void-haze-texture-abs.png			1x1	weathered grey battlecruiser
raw/single-thin-horizontal-ember-streak-bur.png	content-mismatch	unknown	single-thin-horizontal-ember-streak-bur	sheet	ship	weathered spaceship with ember exhaust		raw/single-thin-horizontal-ember-streak-bur.png			1x1	weathered spaceship ember exhaust
raw/small-radial-ember-glow-orb-soft-radial.png	content-mismatch	unknown	small-radial-ember-glow-orb-soft-radial	sheet	ship	dark sci-fi spaceship with ember engines		raw/small-radial-ember-glow-orb-soft-radial.png			1x1	heavy industrial spaceship
raw/ui-bar-caps-and-ui-minimap-bezel-one-pa.png	content-mismatch	unknown	ui-bar-caps-and-ui-minimap-bezel-one-pa	sheet	ui_frame	dark ui panels and riveted bezel		raw/ui-bar-caps-and-ui-minimap-bezel-one-pa.png			2x1	left bar cap | right bar cap | minimap bezel frame
cut/env_sheet_1x1_20260917_183242.png	placeholder	env	env_sheet_1x1_20260917_183242	plate	ship	battered capital ship	worn hull glowing engines	raw/seamless-tileable-starfield-layer-a-fla.png	1	1	1x1	weathered combat starship
cut/env_sheet_1x1_20260917_183315.png	placeholder	env	env_sheet_1x1_20260917_183315	plate	ship	capital ships	weathered grey hulls with orange lights	raw/seamless-tileable-void-haze-layer-soft.png	1	1	1x1	large central battleship | top right heavy cruiser | top center escort ship | bottom left light cruiser | center small escort | bottom center small escort | top left small escort | right small escort | bottom right tiny escort
cut/env_sheet_1x1_20260917_183347.png	placeholder	env	env_sheet_1x1_20260917_183347	plate	ship	battleship	weathered grey hull orange engines	raw/seamless-tileable-foreground-dust-layer.png	1	1	1x1	large damaged spaceship
cut/env_sheet_1x1_20260917_183847.png	placeholder	env	env_sheet_1x1_20260917_183847	plate	ship	battered capital ship	rusty armored hull glowing engines	raw/seamless-tileable-void-haze-texture-abs.png	1	1	1x1	weathered grey battlecruiser
cut/env_sheet_1x1_20260917_184059.png	placeholder	env	env_sheet_1x1_20260917_184059	plate	backdrop	starfield backdrop	dark starry space texture	raw/seamless-repeating-pattern-wallpaper-tex.png	1	1	1x1	starfield background
cut/env_sheet_1x1_20260917_213632.png	placeholder	env	env_sheet_1x1_20260917_213632	plate	ship	space fleet	dark armored capital ships	raw/deep-space-nebula-veil-a-single-square.png	1	1	1x1	large central capital ship
cut/env_sheet_1x1_20260917_225351.png	placeholder	env	env_sheet_1x1_20260917_225351	plate	structure	industrial mining rig	cylindrical tanks with claw arms	raw/mining-base-structure-a-station-scale-i.png	1	1	1x1	central mining station
cut/env_sheet_1x1_20260917_230055.png	placeholder	env	env_sheet_1x1_20260917_230055	sprite	moon	cracked moon	fractured cratered grey surface	raw/body_ice_moon.png	1	1	1x1	ice moon globe
cut/env_sheet_1x1_20260918_111724.png	placeholder	env	env_sheet_1x1_20260918_111724	plate	station	space station structures	dark sci-fi orbital platforms	raw/sector-backdrop-plate-a-wide-16-9-cinem__20260918-111724.png	1	1	1x1	space station frame
cut/env_sheet_1x1_20260918_111829.png	placeholder	env	env_sheet_1x1_20260918_111829	plate	backdrop	asteroid field	dark space rocks dust	raw/sector-backdrop-plate-a-wide-16-9-cinem__20260918-111829.png	1	1	1x1	asteroid field debris
cut/env_sheet_1x1_20260918_111927.png	placeholder	env	env_sheet_1x1_20260918_111927	plate	backdrop	dark nebula space	dark clouds faint starlight	raw/sector-backdrop-plate-a-wide-16-9-cinem__20260918-111927.png	1	1	1x1	dark nebula cloud
cut/env_sheet_1x1_20260918_112053.png	placeholder	env	env_sheet_1x1_20260918_112053	plate	debris	space debris field	dark wreckage ring border	raw/sector-backdrop-plate-a-wide-16-9-cinem__20260918-112053.png	1	1	1x1	space debris wreckage
cut/env_sheet_1x1_20260918_123247.png	placeholder	env	env_sheet_1x1_20260918_123247	sprite	moon	dark rocky moon	cracked cratered dark surface	raw/f1_ice_moon.png	1	1	1x1	cratered icy moon
cut/fx_sheet_1x1_20260917_183334.png	placeholder	fx	fx_sheet_1x1_20260917_183334	sprite	ship	battered spaceship	rusty freighter with engine exhaust	raw/single-thin-horizontal-ember-streak-bur.png	1	1	1x1	weathered spaceship ember exhaust
cut/fx_sheet_1x1_20260917_183628.png	placeholder	fx	fx_sheet_1x1_20260917_183628	sprite	gate	metal ring gate	glowing orange inner ring	raw/single-small-energy-ring-burnt-ember-c__20260917-183628.png	1	1	1x1	burnt ember energy ring
cut/fx_sheet_1x1_20260917_183734.png	placeholder	fx	fx_sheet_1x1_20260917_183734	plate	ship	battleship	heavy armored vertical warship	raw/full-screen-vignette-burnt-ember-c8461.png	1	1	1x1	fortified space battleship
cut/fx_sheet_1x1_20260917_183824.png	placeholder	fx	fx_sheet_1x1_20260917_183824	sprite	ship	heavy warship	weathered triple engine orange glow	raw/small-radial-ember-glow-orb-soft-radial.png	1	1	1x1	heavy industrial spaceship
cut/fx_sheet_1x1_20260917_184216.png	placeholder	fx	fx_sheet_1x1_20260917_184216	sprite	gate	flaming ring gate	segmented metal ring glowing fire	raw/single-small-energy-ring-burnt-ember-c__20260917-184216.png	1	1	1x1	burnt ember energy ring
cut/fx_sheet_4x1_20260917_183223__p01.png	placeholder	fx	fx_sheet_4x1_20260917_183223__p01	sprite	fx	muzzle flash	orange sparks from barrel	raw/4-frame-horizontal-sprite-sheet-of-a-wea.png	1	4	4x1	pistol muzzle flash | pistol fire burst | pistol smoke burst | pistol smoke fade
cut/fx_sheet_4x1_20260917_183223__p02.png	placeholder	fx	fx_sheet_4x1_20260917_183223__p02	sprite	fx	muzzle flash	orange fiery blast sparks	raw/4-frame-horizontal-sprite-sheet-of-a-wea.png	2	4	4x1	pistol muzzle flash | pistol fire burst | pistol smoke burst | pistol smoke fade
cut/fx_sheet_4x1_20260917_183223__p03.png	placeholder	fx	fx_sheet_4x1_20260917_183223__p03	sprite	fx	muzzle flash	gun barrel fiery blast	raw/4-frame-horizontal-sprite-sheet-of-a-wea.png	3	4	4x1	pistol muzzle flash | pistol fire burst | pistol smoke burst | pistol smoke fade
cut/fx_sheet_4x1_20260917_183223__p04.png	placeholder	fx	fx_sheet_4x1_20260917_183223__p04	sprite	fx	exhaust thruster smoke	dark smoke and orange sparks	raw/4-frame-horizontal-sprite-sheet-of-a-wea.png	4	4	4x1	pistol muzzle flash | pistol fire burst | pistol smoke burst | pistol smoke fade
cut/icon_sheet_2x2_20260918_112946__p01.png	placeholder	icon	icon_sheet_2x2_20260918_112946__p01	sprite	prop	metal vault door	rusty riveted wheel hatch	raw/flat-vector-icon-sheet-2x2-grid-icons.png	1	4	2x2	vault door icon | shield icon | circle slash icon
cut/icon_sheet_2x2_20260918_112946__p02.png	placeholder	icon	icon_sheet_2x2_20260918_112946__p02	sprite	icon	metal shield icon	weathered dark metal shield	raw/flat-vector-icon-sheet-2x2-grid-icons.png	2	4	2x2	vault door icon | shield icon | circle slash icon
cut/icon_sheet_2x2_20260918_112946__p03.png	placeholder	icon	icon_sheet_2x2_20260918_112946__p03	sprite	icon	prohibition icon	weathered metal circular slash	raw/flat-vector-icon-sheet-2x2-grid-icons.png	3	4	2x2	vault door icon | shield icon | circle slash icon
cut/icon_sheet_2x2_20260918_112946__p04.png	placeholder	icon	icon_sheet_2x2_20260918_112946__p04	sprite	backdrop	starry night sky	dark blue starfield texture	raw/flat-vector-icon-sheet-2x2-grid-icons.png	4	4	2x2	vault door icon | shield icon | circle slash icon
cut/icon_sheet_2x2_20260918_113028__p01.png	placeholder	icon	icon_sheet_2x2_20260918_113028__p01	sprite	icon	metal hexagon icon	rusty metal slotted emblem	raw/p2_faction_insignia.png	1	4	2x2	three slat insignia | split hex insignia | flame leaf insignia
cut/icon_sheet_2x2_20260918_113028__p02.png	placeholder	icon	icon_sheet_2x2_20260918_113028__p02	sprite	icon	armor icon	hex plate orange vents	raw/p2_faction_insignia.png	2	4	2x2	three slat insignia | split hex insignia | flame leaf insignia
cut/icon_sheet_2x2_20260918_113028__p03.png	placeholder	icon	icon_sheet_2x2_20260918_113028__p03	sprite	logo	hexagonal metal emblem	rusty cutout flame symbol	raw/p2_faction_insignia.png	3	4	2x2	three slat insignia | split hex insignia | flame leaf insignia
cut/icon_sheet_2x2_20260918_113028__p04.png	placeholder	icon	icon_sheet_2x2_20260918_113028__p04	sprite	backdrop	star field nebula	dark blue starfield nebula	raw/p2_faction_insignia.png	4	4	2x2	three slat insignia | split hex insignia | flame leaf insignia
cut/icon_sheet_2x2_20260918_113357__p01.png	placeholder	icon	icon_sheet_2x2_20260918_113357__p01	sprite	icon	steering wheel icon	white wheel on black	raw/grimdark-painted-sci-fi-semi-realistic__20260918-113357.png	1	3	2x2	book manual icon | shield emblem icon | power button icon
cut/icon_sheet_2x2_20260918_113357__p02.png	placeholder	icon	icon_sheet_2x2_20260918_113357__p02	sprite	icon	shield icon	black shield white dot	raw/grimdark-painted-sci-fi-semi-realistic__20260918-113357.png	2	3	2x2	book manual icon | shield emblem icon | power button icon
cut/icon_sheet_2x2_20260918_113357__p03.png	placeholder	icon	icon_sheet_2x2_20260918_113357__p03	sprite	icon	power icon	power symbol black white	raw/grimdark-painted-sci-fi-semi-realistic__20260918-113357.png	3	3	2x2	book manual icon | shield emblem icon | power button icon
cut/icon_sheet_2x2_20260918_123214__p01.png	placeholder	icon	icon_sheet_2x2_20260918_123214__p01	sprite	icon	magnifier plus icon	black magnifying glass with cross	raw/grimdark-painted-sci-fi-semi-realistic__20260918-123214.png	1	4	2x2	plus magnifier icon | minus magnifier icon | hexagon vertical bar | shield divider icon
cut/icon_sheet_2x2_20260918_123214__p02.png	placeholder	icon	icon_sheet_2x2_20260918_123214__p02	sprite	icon	ui icon	black minus sign frame	raw/grimdark-painted-sci-fi-semi-realistic__20260918-123214.png	2	4	2x2	plus magnifier icon | minus magnifier icon | hexagon vertical bar | shield divider icon
cut/icon_sheet_2x2_20260918_123214__p03.png	placeholder	icon	icon_sheet_2x2_20260918_123214__p03	sprite	icon	hexagon icon	black hexagon with vertical bar	raw/grimdark-painted-sci-fi-semi-realistic__20260918-123214.png	3	4	2x2	plus magnifier icon | minus magnifier icon | hexagon vertical bar | shield divider icon
cut/icon_sheet_2x2_20260918_123214__p04.png	placeholder	icon	icon_sheet_2x2_20260918_123214__p04	sprite	icon	shield icon	black outlined shield emblem	raw/grimdark-painted-sci-fi-semi-realistic__20260918-123214.png	4	4	2x2	plus magnifier icon | minus magnifier icon | hexagon vertical bar | shield divider icon
cut/icon_sheet_2x3_20260917_183109__p01.png	placeholder	icon	icon_sheet_2x3_20260917_183109__p01	sprite	prop	scifi engine block	rusted metal glowing orange core	raw/flat-vector-icon-sheet-for-a-dark-sci-fi.png	1	6	2x3	glowing barrel weapon | angled pipe weapon | pointed rocket missile | spiked naval mine | ringed glowing device
cut/icon_sheet_2x3_20260917_183109__p02.png	placeholder	icon	icon_sheet_2x3_20260917_183109__p02	sprite	icon	scifi pistol	rusted blocky side profile	raw/flat-vector-icon-sheet-for-a-dark-sci-fi.png	2	6	2x3	glowing barrel weapon | angled pipe weapon | pointed rocket missile | spiked naval mine | ringed glowing device
cut/icon_sheet_2x3_20260917_183109__p03.png	placeholder	icon	icon_sheet_2x3_20260917_183109__p03	sprite	prop	rusted missile	weathered metal finned projectile	raw/flat-vector-icon-sheet-for-a-dark-sci-fi.png	3	6	2x3	glowing barrel weapon | angled pipe weapon | pointed rocket missile | spiked naval mine | ringed glowing device
cut/icon_sheet_2x3_20260917_183109__p04.png	placeholder	icon	icon_sheet_2x3_20260917_183109__p04	sprite	pickup	spiked bomb	rusted metal spiked sphere	raw/flat-vector-icon-sheet-for-a-dark-sci-fi.png	4	6	2x3	glowing barrel weapon | angled pipe weapon | pointed rocket missile | spiked naval mine | ringed glowing device
cut/icon_sheet_2x3_20260917_183109__p05.png	placeholder	icon	icon_sheet_2x3_20260917_183109__p05	sprite	prop	angular metal ring device	glowing orange vented side pods	raw/flat-vector-icon-sheet-for-a-dark-sci-fi.png	5	6	2x3	glowing barrel weapon | angled pipe weapon | pointed rocket missile | spiked naval mine | ringed glowing device
cut/icon_sheet_2x3_20260917_183109__p06.png	placeholder	icon	icon_sheet_2x3_20260917_183109__p06	sprite	backdrop	star field	faint stars on dark blue	raw/flat-vector-icon-sheet-for-a-dark-sci-fi.png	6	6	2x3	glowing barrel weapon | angled pipe weapon | pointed rocket missile | spiked naval mine | ringed glowing device
cut/icon_sheet_2x3_20260918_112903__p01.png	placeholder	icon	icon_sheet_2x3_20260918_112903__p01	sprite	icon	shopping cart	black cart with cross	raw/p2_contracts.png	1	5	2x3	cargo cart | target crosshair | hanging crate | download tray | upload arrow
cut/icon_sheet_2x3_20260918_112903__p02.png	placeholder	icon	icon_sheet_2x3_20260918_112903__p02	sprite	icon	target reticle icon	black crosshair with chevron	raw/p2_contracts.png	2	5	2x3	cargo cart | target crosshair | hanging crate | download tray | upload arrow
cut/icon_sheet_2x3_20260918_112903__p03.png	placeholder	icon	icon_sheet_2x3_20260918_112903__p03	sprite	prop	robotic claw arm	black robot claw holding cube	raw/p2_contracts.png	3	5	2x3	cargo cart | target crosshair | hanging crate | download tray | upload arrow
cut/icon_sheet_2x3_20260918_112903__p04.png	placeholder	icon	icon_sheet_2x3_20260918_112903__p04	sprite	icon	downward double chevron icon	black chevrons on white	raw/p2_contracts.png	4	5	2x3	cargo cart | target crosshair | hanging crate | download tray | upload arrow
cut/icon_sheet_2x3_20260918_112903__p05.png	placeholder	icon	icon_sheet_2x3_20260918_112903__p05	sprite	icon	circular arrow icon	black arrow arrowhead	raw/p2_contracts.png	5	5	2x3	cargo cart | target crosshair | hanging crate | download tray | upload arrow
cut/icon_sheet_3x3_20260918_110409__p01.png	placeholder	icon	icon_sheet_3x3_20260918_110409__p01	sprite	prop	twin cannon weapon	dual barrel scifi cannon	raw/flat-vector-icon-sheet-3x3-grid-icons__20260918-110409.png	1	9	3x3	double barreled cannon | gripper claw device | thin arched handle | thick arched handle | glowing arched handle | square metal plate | riveted side panel | lattice patterned plate | glowing coil module
cut/icon_sheet_3x3_20260918_110409__p02.png	placeholder	icon	icon_sheet_3x3_20260918_110409__p02	sprite	prop	plasma cutter tool	industrial metal cutting clamp	raw/flat-vector-icon-sheet-3x3-grid-icons__20260918-110409.png	2	9	3x3	double barreled cannon | gripper claw device | thin arched handle | thick arched handle | glowing arched handle | square metal plate | riveted side panel | lattice patterned plate | glowing coil module
cut/icon_sheet_3x3_20260918_110409__p03.png	placeholder	icon	icon_sheet_3x3_20260918_110409__p03	sprite	structure	metal archway	weathered metal arch glowing ends	raw/flat-vector-icon-sheet-3x3-grid-icons__20260918-110409.png	3	9	3x3	double barreled cannon | gripper claw device | thin arched handle | thick arched handle | glowing arched handle | square metal plate | riveted side panel | lattice patterned plate | glowing coil module
cut/icon_sheet_3x3_20260918_110409__p04.png	placeholder	icon	icon_sheet_3x3_20260918_110409__p04	sprite	gate	metal arch gate	weathered segmented arch with glowing orange emitters	raw/flat-vector-icon-sheet-3x3-grid-icons__20260918-110409.png	4	9	3x3	double barreled cannon | gripper claw device | thin arched handle | thick arched handle | glowing arched handle | square metal plate | riveted side panel | lattice patterned plate | glowing coil module
cut/icon_sheet_3x3_20260918_110409__p05.png	placeholder	icon	icon_sheet_3x3_20260918_110409__p05	sprite	gate	metal arch gate	glowing orange segmented arch	raw/flat-vector-icon-sheet-3x3-grid-icons__20260918-110409.png	5	9	3x3	double barreled cannon | gripper claw device | thin arched handle | thick arched handle | glowing arched handle | square metal plate | riveted side panel | lattice patterned plate | glowing coil module
cut/icon_sheet_3x3_20260918_110409__p06.png	placeholder	icon	icon_sheet_3x3_20260918_110409__p06	sprite	tile	metal plate	rusted weathered riveted square panel	raw/flat-vector-icon-sheet-3x3-grid-icons__20260918-110409.png	6	9	3x3	double barreled cannon | gripper claw device | thin arched handle | thick arched handle | glowing arched handle | square metal plate | riveted side panel | lattice patterned plate | glowing coil module
cut/icon_sheet_3x3_20260918_110409__p07.png	placeholder	icon	icon_sheet_3x3_20260918_110409__p07	sprite	ui_frame	metal ui panel	rusty riveted octagonal dark plate	raw/flat-vector-icon-sheet-3x3-grid-icons__20260918-110409.png	7	9	3x3	double barreled cannon | gripper claw device | thin arched handle | thick arched handle | glowing arched handle | square metal plate | riveted side panel | lattice patterned plate | glowing coil module
cut/icon_sheet_3x3_20260918_110409__p08.png	placeholder	icon	icon_sheet_3x3_20260918_110409__p08	sprite	tile	metal grate panel	rusty diagonal lattice frame	raw/flat-vector-icon-sheet-3x3-grid-icons__20260918-110409.png	8	9	3x3	double barreled cannon | gripper claw device | thin arched handle | thick arched handle | glowing arched handle | square metal plate | riveted side panel | lattice patterned plate | glowing coil module
cut/icon_sheet_3x3_20260918_110409__p09.png	placeholder	icon	icon_sheet_3x3_20260918_110409__p09	sprite	prop	power generator	three glowing orange coils	raw/flat-vector-icon-sheet-3x3-grid-icons__20260918-110409.png	9	9	3x3	double barreled cannon | gripper claw device | thin arched handle | thick arched handle | glowing arched handle | square metal plate | riveted side panel | lattice patterned plate | glowing coil module
cut/icon_sheet_3x3_20260918_110458__p01.png	placeholder	icon	icon_sheet_3x3_20260918_110458__p01	sprite	prop	power cell battery	rusty metal glowing orange tubes	raw/flat-vector-icon-sheet-3x3-grid-icons__20260918-110458.png	1	9	3x3	vented power block | octagonal armored plate | rusty cone lamp | double winged lamp | clawed cone lamp | chevron vent block | arrow direction plaque | crosshair targeting plaque | dish antenna device
cut/icon_sheet_3x3_20260918_110458__p02.png	placeholder	icon	icon_sheet_3x3_20260918_110458__p02	sprite	prop	rusty metal hatch	octagonal bolted armored cover	raw/flat-vector-icon-sheet-3x3-grid-icons__20260918-110458.png	2	9	3x3	vented power block | octagonal armored plate | rusty cone lamp | double winged lamp | clawed cone lamp | chevron vent block | arrow direction plaque | crosshair targeting plaque | dish antenna device
cut/icon_sheet_3x3_20260918_110458__p03.png	placeholder	icon	icon_sheet_3x3_20260918_110458__p03	sprite	prop	metal thruster nozzle	rusty bell shaped exhaust cone	raw/flat-vector-icon-sheet-3x3-grid-icons__20260918-110458.png	3	9	3x3	vented power block | octagonal armored plate | rusty cone lamp | double winged lamp | clawed cone lamp | chevron vent block | arrow direction plaque | crosshair targeting plaque | dish antenna device
cut/icon_sheet_3x3_20260918_110458__p04.png	placeholder	icon	icon_sheet_3x3_20260918_110458__p04	sprite	prop	thruster nozzle	rusty metal cone glowing orange	raw/flat-vector-icon-sheet-3x3-grid-icons__20260918-110458.png	4	9	3x3	vented power block | octagonal armored plate | rusty cone lamp | double winged lamp | clawed cone lamp | chevron vent block | arrow direction plaque | crosshair targeting plaque | dish antenna device
cut/icon_sheet_3x3_20260918_110458__p05.png	placeholder	icon	icon_sheet_3x3_20260918_110458__p05	sprite	prop	industrial thruster nozzle	rusty cone with glowing vents	raw/flat-vector-icon-sheet-3x3-grid-icons__20260918-110458.png	5	9	3x3	vented power block | octagonal armored plate | rusty cone lamp | double winged lamp | clawed cone lamp | chevron vent block | arrow direction plaque | crosshair targeting plaque | dish antenna device
cut/icon_sheet_3x3_20260918_110458__p06.png	placeholder	icon	icon_sheet_3x3_20260918_110458__p06	sprite	prop	metal furnace vent	rusted chevron glowing vents	raw/flat-vector-icon-sheet-3x3-grid-icons__20260918-110458.png	6	9	3x3	vented power block | octagonal armored plate | rusty cone lamp | double winged lamp | clawed cone lamp | chevron vent block | arrow direction plaque | crosshair targeting plaque | dish antenna device
cut/icon_sheet_3x3_20260918_110458__p07.png	placeholder	icon	icon_sheet_3x3_20260918_110458__p07	sprite	icon	metal arrow icon	rusted square arrow plate	raw/flat-vector-icon-sheet-3x3-grid-icons__20260918-110458.png	7	9	3x3	vented power block | octagonal armored plate | rusty cone lamp | double winged lamp | clawed cone lamp | chevron vent block | arrow direction plaque | crosshair targeting plaque | dish antenna device
cut/icon_sheet_3x3_20260918_110458__p08.png	placeholder	icon	icon_sheet_3x3_20260918_110458__p08	sprite	icon	crosshair icon	worn metal square plate	raw/flat-vector-icon-sheet-3x3-grid-icons__20260918-110458.png	8	9	3x3	vented power block | octagonal armored plate | rusty cone lamp | double winged lamp | clawed cone lamp | chevron vent block | arrow direction plaque | crosshair targeting plaque | dish antenna device
cut/icon_sheet_3x3_20260918_110458__p09.png	placeholder	icon	icon_sheet_3x3_20260918_110458__p09	sprite	prop	satellite dish	weathered metal dish emitter	raw/flat-vector-icon-sheet-3x3-grid-icons__20260918-110458.png	9	9	3x3	vented power block | octagonal armored plate | rusty cone lamp | double winged lamp | clawed cone lamp | chevron vent block | arrow direction plaque | crosshair targeting plaque | dish antenna device
cut/icon_sheet_3x3_20260918_110547__p01.png	placeholder	icon	icon_sheet_3x3_20260918_110547__p01	sprite	ui_frame	targeting reticle panels	two square metal target frames	raw/flat-vector-icon-sheet-3x3-grid-icons__20260918-110547.png	1	9	3x3	sensor targeting modules | thruster engine block | armored node panel | open metal crate | robotic claw arm | hopper funnel unit | hangar fighter bay | exhaust thruster nozzle | vertical storage containers
cut/icon_sheet_3x3_20260918_110547__p02.png	placeholder	icon	icon_sheet_3x3_20260918_110547__p02	sprite	ship	spaceship engines	rusty panel triple thrusters	raw/flat-vector-icon-sheet-3x3-grid-icons__20260918-110547.png	2	9	3x3	sensor targeting modules | thruster engine block | armored node panel | open metal crate | robotic claw arm | hopper funnel unit | hangar fighter bay | exhaust thruster nozzle | vertical storage containers
cut/icon_sheet_3x3_20260918_110547__p03.png	placeholder	icon	icon_sheet_3x3_20260918_110547__p03	sprite	tile	metal wall panel	rusty panel with glowing orange nodes	raw/flat-vector-icon-sheet-3x3-grid-icons__20260918-110547.png	3	9	3x3	sensor targeting modules | thruster engine block | armored node panel | open metal crate | robotic claw arm | hopper funnel unit | hangar fighter bay | exhaust thruster nozzle | vertical storage containers
cut/icon_sheet_3x3_20260918_110547__p04.png	placeholder	icon	icon_sheet_3x3_20260918_110547__p04	sprite	prop	open metal chest	rusted reinforced lid open	raw/flat-vector-icon-sheet-3x3-grid-icons__20260918-110547.png	4	9	3x3	sensor targeting modules | thruster engine block | armored node panel | open metal crate | robotic claw arm | hopper funnel unit | hangar fighter bay | exhaust thruster nozzle | vertical storage containers
cut/icon_sheet_3x3_20260918_110547__p05.png	placeholder	icon	icon_sheet_3x3_20260918_110547__p05	sprite	prop	robot claw	rusty mechanical gripping claw	raw/flat-vector-icon-sheet-3x3-grid-icons__20260918-110547.png	5	9	3x3	sensor targeting modules | thruster engine block | armored node panel | open metal crate | robotic claw arm | hopper funnel unit | hangar fighter bay | exhaust thruster nozzle | vertical storage containers
cut/icon_sheet_3x3_20260918_110547__p06.png	placeholder	icon	icon_sheet_3x3_20260918_110547__p06	sprite	structure	industrial hopper machine	rusty metal funnel with glowing pipe	raw/flat-vector-icon-sheet-3x3-grid-icons__20260918-110547.png	6	9	3x3	sensor targeting modules | thruster engine block | armored node panel | open metal crate | robotic claw arm | hopper funnel unit | hangar fighter bay | exhaust thruster nozzle | vertical storage containers
cut/icon_sheet_3x3_20260918_110547__p07.png	placeholder	icon	icon_sheet_3x3_20260918_110547__p07	sprite	ship	sci-fi fighter ships	twin fighters in metal frame	raw/flat-vector-icon-sheet-3x3-grid-icons__20260918-110547.png	7	9	3x3	sensor targeting modules | thruster engine block | armored node panel | open metal crate | robotic claw arm | hopper funnel unit | hangar fighter bay | exhaust thruster nozzle | vertical storage containers
cut/icon_sheet_3x3_20260918_110547__p08.png	placeholder	icon	icon_sheet_3x3_20260918_110547__p08	sprite	prop	engine thruster	weathered metal orange exhaust	raw/flat-vector-icon-sheet-3x3-grid-icons__20260918-110547.png	8	9	3x3	sensor targeting modules | thruster engine block | armored node panel | open metal crate | robotic claw arm | hopper funnel unit | hangar fighter bay | exhaust thruster nozzle | vertical storage containers
cut/icon_sheet_3x3_20260918_110547__p09.png	placeholder	icon	icon_sheet_3x3_20260918_110547__p09	sprite	prop	armored cargo containers	rusted dark metal twin crates	raw/flat-vector-icon-sheet-3x3-grid-icons__20260918-110547.png	9	9	3x3	sensor targeting modules | thruster engine block | armored node panel | open metal crate | robotic claw arm | hopper funnel unit | hangar fighter bay | exhaust thruster nozzle | vertical storage containers
cut/icon_sheet_3x3_20260918_111327__p01.png	placeholder	icon	icon_sheet_3x3_20260918_111327__p01	sprite	icon	pixel gun icon	black silhouette side profile	raw/grimdark-painted-sci-fi-semi-realistic__20260918-111327.png	1	9	3x3	engine nozzle connector | gripper arm device | simple arch handle | double arch handle | small ribbed arch | rounded rectangular panel | long dotted vent panel | diagonal cross hatch panel | vertical grilled radiator block
cut/icon_sheet_3x3_20260918_111327__p02.png	placeholder	icon	icon_sheet_3x3_20260918_111327__p02	sprite	ship	spaceship silhouette	long horizontal black silhouette	raw/grimdark-painted-sci-fi-semi-realistic__20260918-111327.png	2	9	3x3	engine nozzle connector | gripper arm device | simple arch handle | double arch handle | small ribbed arch | rounded rectangular panel | long dotted vent panel | diagonal cross hatch panel | vertical grilled radiator block
cut/icon_sheet_3x3_20260918_111327__p03.png	placeholder	icon	icon_sheet_3x3_20260918_111327__p03	sprite	gate	arch gate	black arch square feet	raw/grimdark-painted-sci-fi-semi-realistic__20260918-111327.png	3	9	3x3	engine nozzle connector | gripper arm device | simple arch handle | double arch handle | small ribbed arch | rounded rectangular panel | long dotted vent panel | diagonal cross hatch panel | vertical grilled radiator block
cut/icon_sheet_3x3_20260918_111327__p04.png	placeholder	icon	icon_sheet_3x3_20260918_111327__p04	sprite	gate	arched gate frame	black arch with blocks	raw/grimdark-painted-sci-fi-semi-realistic__20260918-111327.png	4	9	3x3	engine nozzle connector | gripper arm device | simple arch handle | double arch handle | small ribbed arch | rounded rectangular panel | long dotted vent panel | diagonal cross hatch panel | vertical grilled radiator block
cut/icon_sheet_3x3_20260918_111327__p05.png	placeholder	icon	icon_sheet_3x3_20260918_111327__p05	sprite	gate	black arch gate	black arch with square bases	raw/grimdark-painted-sci-fi-semi-realistic__20260918-111327.png	5	9	3x3	engine nozzle connector | gripper arm device | simple arch handle | double arch handle | small ribbed arch | rounded rectangular panel | long dotted vent panel | diagonal cross hatch panel | vertical grilled radiator block
cut/icon_sheet_3x3_20260918_111327__p06.png	placeholder	icon	icon_sheet_3x3_20260918_111327__p06	sprite	ui_frame	ui icon sheet	dark rectangle with corner icons	raw/grimdark-painted-sci-fi-semi-realistic__20260918-111327.png	6	9	3x3	engine nozzle connector | gripper arm device | simple arch handle | double arch handle | small ribbed arch | rounded rectangular panel | long dotted vent panel | diagonal cross hatch panel | vertical grilled radiator block
cut/icon_sheet_3x3_20260918_111327__p07.png	placeholder	icon	icon_sheet_3x3_20260918_111327__p07	sprite	ui_frame	icon sheet frame	dark panel with rivets	raw/grimdark-painted-sci-fi-semi-realistic__20260918-111327.png	7	9	3x3	engine nozzle connector | gripper arm device | simple arch handle | double arch handle | small ribbed arch | rounded rectangular panel | long dotted vent panel | diagonal cross hatch panel | vertical grilled radiator block
cut/icon_sheet_3x3_20260918_111327__p08.png	placeholder	icon	icon_sheet_3x3_20260918_111327__p08	sprite	icon	abstract geometric icon	black white diagonal maze	raw/grimdark-painted-sci-fi-semi-realistic__20260918-111327.png	8	9	3x3	engine nozzle connector | gripper arm device | simple arch handle | double arch handle | small ribbed arch | rounded rectangular panel | long dotted vent panel | diagonal cross hatch panel | vertical grilled radiator block
cut/icon_sheet_3x3_20260918_111327__p09.png	placeholder	icon	icon_sheet_3x3_20260918_111327__p09	sprite	icon	abstract engine icon	black engine block three stripes	raw/grimdark-painted-sci-fi-semi-realistic__20260918-111327.png	9	9	3x3	engine nozzle connector | gripper arm device | simple arch handle | double arch handle | small ribbed arch | rounded rectangular panel | long dotted vent panel | diagonal cross hatch panel | vertical grilled radiator block
cut/icon_sheet_3x3_20260918_111411__p01.png	placeholder	icon	icon_sheet_3x3_20260918_111411__p01	sprite	icon	black vent icon	black frame with vertical slots	raw/grimdark-painted-sci-fi-semi-realistic__20260918-111411.png	1	9	3x3	barred container silhouette | octagonal ring module | flared tower silhouette | winged tower emitter | side-podded module | chevron-striped canister | double arrow marker | crosshair target reticle | dish antenna signal
cut/icon_sheet_3x3_20260918_111411__p02.png	placeholder	icon	icon_sheet_3x3_20260918_111411__p02	sprite	ui_frame	ui icon frame	hexagonal frame square center	raw/grimdark-painted-sci-fi-semi-realistic__20260918-111411.png	2	9	3x3	barred container silhouette | octagonal ring module | flared tower silhouette | winged tower emitter | side-podded module | chevron-striped canister | double arrow marker | crosshair target reticle | dish antenna signal
cut/icon_sheet_3x3_20260918_111411__p03.png	placeholder	icon	icon_sheet_3x3_20260918_111411__p03	sprite	icon	black abstract shapes	black trapezoid rectangles white	raw/grimdark-painted-sci-fi-semi-realistic__20260918-111411.png	3	9	3x3	barred container silhouette | octagonal ring module | flared tower silhouette | winged tower emitter | side-podded module | chevron-striped canister | double arrow marker | crosshair target reticle | dish antenna signal
cut/icon_sheet_3x3_20260918_111411__p04.png	placeholder	icon	icon_sheet_3x3_20260918_111411__p04	sprite	other	abstract black shapes	black geometric panels layout	raw/grimdark-painted-sci-fi-semi-realistic__20260918-111411.png	4	9	3x3	barred container silhouette | octagonal ring module | flared tower silhouette | winged tower emitter | side-podded module | chevron-striped canister | double arrow marker | crosshair target reticle | dish antenna signal
cut/icon_sheet_3x3_20260918_111411__p05.png	placeholder	icon	icon_sheet_3x3_20260918_111411__p05	sprite	icon	abstract ui icon	black geometric ship silhouette	raw/grimdark-painted-sci-fi-semi-realistic__20260918-111411.png	5	9	3x3	barred container silhouette | octagonal ring module | flared tower silhouette | winged tower emitter | side-podded module | chevron-striped canister | double arrow marker | crosshair target reticle | dish antenna signal
cut/icon_sheet_3x3_20260918_111411__p06.png	placeholder	icon	icon_sheet_3x3_20260918_111411__p06	sprite	icon	rank insignia	three white chevrons badge	raw/grimdark-painted-sci-fi-semi-realistic__20260918-111411.png	6	9	3x3	barred container silhouette | octagonal ring module | flared tower silhouette | winged tower emitter | side-podded module | chevron-striped canister | double arrow marker | crosshair target reticle | dish antenna signal
cut/icon_sheet_3x3_20260918_111411__p07.png	placeholder	icon	icon_sheet_3x3_20260918_111411__p07	sprite	icon	right arrow icon	white arrow on black	raw/grimdark-painted-sci-fi-semi-realistic__20260918-111411.png	7	9	3x3	barred container silhouette | octagonal ring module | flared tower silhouette | winged tower emitter | side-podded module | chevron-striped canister | double arrow marker | crosshair target reticle | dish antenna signal
cut/icon_sheet_3x3_20260918_111411__p08.png	placeholder	icon	icon_sheet_3x3_20260918_111411__p08	sprite	icon	target reticle	black crosshair corner brackets	raw/grimdark-painted-sci-fi-semi-realistic__20260918-111411.png	8	9	3x3	barred container silhouette | octagonal ring module | flared tower silhouette | winged tower emitter | side-podded module | chevron-striped canister | double arrow marker | crosshair target reticle | dish antenna signal
cut/icon_sheet_3x3_20260918_111411__p09.png	placeholder	icon	icon_sheet_3x3_20260918_111411__p09	sprite	icon	satellite dish icon	black dish with signal arcs	raw/grimdark-painted-sci-fi-semi-realistic__20260918-111411.png	9	9	3x3	barred container silhouette | octagonal ring module | flared tower silhouette | winged tower emitter | side-podded module | chevron-striped canister | double arrow marker | crosshair target reticle | dish antenna signal
cut/icon_sheet_3x3_20260918_111450__p01.png	placeholder	icon	icon_sheet_3x3_20260918_111450__p01	sprite	icon	targeting reticles	two crosshair square icons	raw/grimdark-painted-sci-fi-semi-realistic__20260918-111450.png	1	9	3x3	double window panels | launching pad | crossed frame | robotic arm | claw hook | hopper funnel | hangar fighters | thruster exhaust | battery cells
cut/icon_sheet_3x3_20260918_111450__p02.png	placeholder	icon	icon_sheet_3x3_20260918_111450__p02	sprite	icon	abstract ui shapes	black geometric shapes white background	raw/grimdark-painted-sci-fi-semi-realistic__20260918-111450.png	2	9	3x3	double window panels | launching pad | crossed frame | robotic arm | claw hook | hopper funnel | hangar fighters | thruster exhaust | battery cells
cut/icon_sheet_3x3_20260918_111450__p03.png	placeholder	icon	icon_sheet_3x3_20260918_111450__p03	sprite	icon	white node diagram	four squares connected center	raw/grimdark-painted-sci-fi-semi-realistic__20260918-111450.png	3	9	3x3	double window panels | launching pad | crossed frame | robotic arm | claw hook | hopper funnel | hangar fighters | thruster exhaust | battery cells
cut/icon_sheet_3x3_20260918_111450__p04.png	placeholder	icon	icon_sheet_3x3_20260918_111450__p04	sprite	icon	black abstract icon	black geometric shapes on white	raw/grimdark-painted-sci-fi-semi-realistic__20260918-111450.png	4	9	3x3	double window panels | launching pad | crossed frame | robotic arm | claw hook | hopper funnel | hangar fighters | thruster exhaust | battery cells
cut/icon_sheet_3x3_20260918_111450__p05.png	placeholder	icon	icon_sheet_3x3_20260918_111450__p05	sprite	icon	black tool icons	wrench hook silhouettes white	raw/grimdark-painted-sci-fi-semi-realistic__20260918-111450.png	5	9	3x3	double window panels | launching pad | crossed frame | robotic arm | claw hook | hopper funnel | hangar fighters | thruster exhaust | battery cells
cut/icon_sheet_3x3_20260918_111450__p06.png	placeholder	icon	icon_sheet_3x3_20260918_111450__p06	sprite	icon	mining rig icon	black silhouette mining structure	raw/grimdark-painted-sci-fi-semi-realistic__20260918-111450.png	6	9	3x3	double window panels | launching pad | crossed frame | robotic arm | claw hook | hopper funnel | hangar fighters | thruster exhaust | battery cells
cut/icon_sheet_3x3_20260918_111450__p07.png	placeholder	icon	icon_sheet_3x3_20260918_111450__p07	sprite	icon	space fighter icons	two black jet silhouettes	raw/grimdark-painted-sci-fi-semi-realistic__20260918-111450.png	7	9	3x3	double window panels | launching pad | crossed frame | robotic arm | claw hook | hopper funnel | hangar fighters | thruster exhaust | battery cells
cut/icon_sheet_3x3_20260918_111450__p08.png	placeholder	icon	icon_sheet_3x3_20260918_111450__p08	sprite	icon	black geometric icon	black trapezoid with three bars	raw/grimdark-painted-sci-fi-semi-realistic__20260918-111450.png	8	9	3x3	double window panels | launching pad | crossed frame | robotic arm | claw hook | hopper funnel | hangar fighters | thruster exhaust | battery cells
cut/icon_sheet_3x3_20260918_111450__p09.png	placeholder	icon	icon_sheet_3x3_20260918_111450__p09	sprite	structure	black sci-fi panels	black plates with vertical slits	raw/grimdark-painted-sci-fi-semi-realistic__20260918-111450.png	9	9	3x3	double window panels | launching pad | crossed frame | robotic arm | claw hook | hopper funnel | hangar fighters | thruster exhaust | battery cells
cut/icon_sheet_4x2_20260918_110642__p01.png	placeholder	icon	icon_sheet_4x2_20260918_110642__p01	sprite	prop	armored engine vent	riveted metal housing orange glow	raw/flat-vector-icon-sheet-4x2-grid-icons__20260918-110642.png	1	8	4x2	trapezoid vent panel | glowing vertical core | circular ring hatch | arched glowing vent | angled armor plates | square circuit panel | chevron marked hatch | octagonal frame hatch
cut/icon_sheet_4x2_20260918_110642__p02.png	placeholder	icon	icon_sheet_4x2_20260918_110642__p02	sprite	prop	energy cell	armored housing glowing orange core	raw/flat-vector-icon-sheet-4x2-grid-icons__20260918-110642.png	2	8	4x2	trapezoid vent panel | glowing vertical core | circular ring hatch | arched glowing vent | angled armor plates | square circuit panel | chevron marked hatch | octagonal frame hatch
cut/icon_sheet_4x2_20260918_110642__p03.png	placeholder	icon	icon_sheet_4x2_20260918_110642__p03	sprite	prop	weathered metal ring	rusty industrial ring mounting bracket	raw/flat-vector-icon-sheet-4x2-grid-icons__20260918-110642.png	3	8	4x2	trapezoid vent panel | glowing vertical core | circular ring hatch | arched glowing vent | angled armor plates | square circuit panel | chevron marked hatch | octagonal frame hatch
cut/icon_sheet_4x2_20260918_110642__p04.png	placeholder	icon	icon_sheet_4x2_20260918_110642__p04	sprite	gate	metal arch gate	glowing orange inner arch	raw/flat-vector-icon-sheet-4x2-grid-icons__20260918-110642.png	4	8	4x2	trapezoid vent panel | glowing vertical core | circular ring hatch | arched glowing vent | angled armor plates | square circuit panel | chevron marked hatch | octagonal frame hatch
cut/icon_sheet_4x2_20260918_110642__p05.png	placeholder	icon	icon_sheet_4x2_20260918_110642__p05	sprite	prop	armor plates	rusty riveted metal plates	raw/flat-vector-icon-sheet-4x2-grid-icons__20260918-110642.png	5	8	4x2	trapezoid vent panel | glowing vertical core | circular ring hatch | arched glowing vent | angled armor plates | square circuit panel | chevron marked hatch | octagonal frame hatch
cut/icon_sheet_4x2_20260918_110642__p06.png	placeholder	icon	icon_sheet_4x2_20260918_110642__p06	sprite	ui_frame	metal tech panel	glowing orange circuit slots	raw/flat-vector-icon-sheet-4x2-grid-icons__20260918-110642.png	6	8	4x2	trapezoid vent panel | glowing vertical core | circular ring hatch | arched glowing vent | angled armor plates | square circuit panel | chevron marked hatch | octagonal frame hatch
cut/icon_sheet_4x2_20260918_110642__p07.png	placeholder	icon	icon_sheet_4x2_20260918_110642__p07	sprite	prop	armored rank insignia	worn metal chevron orange vent	raw/flat-vector-icon-sheet-4x2-grid-icons__20260918-110642.png	7	8	4x2	trapezoid vent panel | glowing vertical core | circular ring hatch | arched glowing vent | angled armor plates | square circuit panel | chevron marked hatch | octagonal frame hatch
cut/icon_sheet_4x2_20260918_110642__p08.png	placeholder	icon	icon_sheet_4x2_20260918_110642__p08	sprite	ui_frame	armored hull frame	riveted metal octagonal border	raw/flat-vector-icon-sheet-4x2-grid-icons__20260918-110642.png	8	8	4x2	trapezoid vent panel | glowing vertical core | circular ring hatch | arched glowing vent | angled armor plates | square circuit panel | chevron marked hatch | octagonal frame hatch
cut/icon_sheet_4x2_20260918_110921__p01.png	placeholder	icon	icon_sheet_4x2_20260918_110921__p01	sprite	prop	armored thruster nozzle	weathered metal trapezoid glowing vents	raw/flat-vector-icon-sheet-4x2-grid-icons__20260918-110921.png	1	8	4x2	vented trapezoid thruster | orange lined reactor | claw ring coupling | orange arc gauge | stacked metal plates | square circuit block | chevron armor plate | octagonal bracket frame
cut/icon_sheet_4x2_20260918_110921__p02.png	placeholder	icon	icon_sheet_4x2_20260918_110921__p02	sprite	icon	energy cell icon	metal frame three orange vials	raw/flat-vector-icon-sheet-4x2-grid-icons__20260918-110921.png	2	8	4x2	vented trapezoid thruster | orange lined reactor | claw ring coupling | orange arc gauge | stacked metal plates | square circuit block | chevron armor plate | octagonal bracket frame
cut/icon_sheet_4x2_20260918_110921__p03.png	placeholder	icon	icon_sheet_4x2_20260918_110921__p03	sprite	ui_frame	armored bracket frame	weathered metal with orange glow	raw/flat-vector-icon-sheet-4x2-grid-icons__20260918-110921.png	3	8	4x2	vented trapezoid thruster | orange lined reactor | claw ring coupling | orange arc gauge | stacked metal plates | square circuit block | chevron armor plate | octagonal bracket frame
cut/icon_sheet_4x2_20260918_110921__p04.png	placeholder	icon	icon_sheet_4x2_20260918_110921__p04	sprite	gate	metal arch gate	worn metal arch glowing orange	raw/flat-vector-icon-sheet-4x2-grid-icons__20260918-110921.png	4	8	4x2	vented trapezoid thruster | orange lined reactor | claw ring coupling | orange arc gauge | stacked metal plates | square circuit block | chevron armor plate | octagonal bracket frame
cut/icon_sheet_4x2_20260918_110921__p05.png	placeholder	icon	icon_sheet_4x2_20260918_110921__p05	sprite	prop	metal plates	three layered weathered iron plates	raw/flat-vector-icon-sheet-4x2-grid-icons__20260918-110921.png	5	8	4x2	vented trapezoid thruster | orange lined reactor | claw ring coupling | orange arc gauge | stacked metal plates | square circuit block | chevron armor plate | octagonal bracket frame
cut/icon_sheet_4x2_20260918_110921__p06.png	placeholder	icon	icon_sheet_4x2_20260918_110921__p06	sprite	ui_frame	metal processor icon	dark metallic square chip	raw/flat-vector-icon-sheet-4x2-grid-icons__20260918-110921.png	6	8	4x2	vented trapezoid thruster | orange lined reactor | claw ring coupling | orange arc gauge | stacked metal plates | square circuit block | chevron armor plate | octagonal bracket frame
cut/icon_sheet_4x2_20260918_110921__p07.png	placeholder	icon	icon_sheet_4x2_20260918_110921__p07	sprite	prop	armored emblem plate	rusty metal chevron badge	raw/flat-vector-icon-sheet-4x2-grid-icons__20260918-110921.png	7	8	4x2	vented trapezoid thruster | orange lined reactor | claw ring coupling | orange arc gauge | stacked metal plates | square circuit block | chevron armor plate | octagonal bracket frame
cut/icon_sheet_4x2_20260918_110921__p08.png	placeholder	icon	icon_sheet_4x2_20260918_110921__p08	sprite	ui_frame	metal ui frame	weathered steel octagonal border	raw/flat-vector-icon-sheet-4x2-grid-icons__20260918-110921.png	8	8	4x2	vented trapezoid thruster | orange lined reactor | claw ring coupling | orange arc gauge | stacked metal plates | square circuit block | chevron armor plate | octagonal bracket frame
cut/icon_sheet_4x2_20260918_111044__p01.png	placeholder	icon	icon_sheet_4x2_20260918_111044__p01	sprite	icon	black bucket icon	black bucket on white	raw/grimdark-painted-sci-fi-semi-realistic__20260918-111044.png	1	8	4x2	trapezoid cup module | barred rectangular module | open clamp module | dome arch module | stacked plate layers | diamond box module | chevron engine module | buckled crate module
cut/icon_sheet_4x2_20260918_111044__p02.png	placeholder	icon	icon_sheet_4x2_20260918_111044__p02	sprite	icon	bar icon	three vertical white bars	raw/grimdark-painted-sci-fi-semi-realistic__20260918-111044.png	2	8	4x2	trapezoid cup module | barred rectangular module | open clamp module | dome arch module | stacked plate layers | diamond box module | chevron engine module | buckled crate module
cut/icon_sheet_4x2_20260918_111044__p03.png	placeholder	icon	icon_sheet_4x2_20260918_111044__p03	sprite	ui_frame	ui slot frame	black octagonal panel white corners	raw/grimdark-painted-sci-fi-semi-realistic__20260918-111044.png	3	8	4x2	trapezoid cup module | barred rectangular module | open clamp module | dome arch module | stacked plate layers | diamond box module | chevron engine module | buckled crate module
cut/icon_sheet_4x2_20260918_111044__p04.png	placeholder	icon	icon_sheet_4x2_20260918_111044__p04	sprite	icon	black icon shape	black arch with base	raw/grimdark-painted-sci-fi-semi-realistic__20260918-111044.png	4	8	4x2	trapezoid cup module | barred rectangular module | open clamp module | dome arch module | stacked plate layers | diamond box module | chevron engine module | buckled crate module
cut/icon_sheet_4x2_20260918_111044__p05.png	placeholder	icon	icon_sheet_4x2_20260918_111044__p05	sprite	other	abstract geometric shapes	three angled black bars	raw/grimdark-painted-sci-fi-semi-realistic__20260918-111044.png	5	8	4x2	trapezoid cup module | barred rectangular module | open clamp module | dome arch module | stacked plate layers | diamond box module | chevron engine module | buckled crate module
cut/icon_sheet_4x2_20260918_111044__p06.png	placeholder	icon	icon_sheet_4x2_20260918_111044__p06	sprite	icon	cargo icon	white wireframe box symbol	raw/grimdark-painted-sci-fi-semi-realistic__20260918-111044.png	6	8	4x2	trapezoid cup module | barred rectangular module | open clamp module | dome arch module | stacked plate layers | diamond box module | chevron engine module | buckled crate module
cut/icon_sheet_4x2_20260918_111044__p07.png	placeholder	icon	icon_sheet_4x2_20260918_111044__p07	sprite	icon	military rank icon	chevron stripes armored symbol	raw/grimdark-painted-sci-fi-semi-realistic__20260918-111044.png	7	8	4x2	trapezoid cup module | barred rectangular module | open clamp module | dome arch module | stacked plate layers | diamond box module | chevron engine module | buckled crate module
cut/icon_sheet_4x2_20260918_111044__p08.png	placeholder	icon	icon_sheet_4x2_20260918_111044__p08	sprite	prop	cargo container	black crate with latch	raw/grimdark-painted-sci-fi-semi-realistic__20260918-111044.png	8	8	4x2	trapezoid cup module | barred rectangular module | open clamp module | dome arch module | stacked plate layers | diamond box module | chevron engine module | buckled crate module
cut/icon_sheet_5x4_20260918_110236__p01.png	placeholder	icon	icon_sheet_5x4_20260918_110236__p01	sprite	asteroid	dark asteroid	jagged metallic rocky surface	raw/flat-vector-icon-sheet-5x4-grid-icons__20260918-110236.png	1	20	5x4	dark jagged boulder | rusty fractured rock | thin sharp shard | flat angular slab | layered dark stone | faceted dark crystal | embedded metal rock | chunky dark rock | cubic rusty block | crystal cluster rock | golden porous rock | stacked flat stones | rock with gem | spiky mineral formation | flat topped rock | striped dark mineral | cracked glowing rock | smooth clear shard | orange veined rock | spiked metal rock
cut/icon_sheet_5x4_20260918_110236__p02.png	placeholder	icon	icon_sheet_5x4_20260918_110236__p02	sprite	asteroid	metallic asteroid	rough bronze rocky texture	raw/flat-vector-icon-sheet-5x4-grid-icons__20260918-110236.png	2	20	5x4	dark jagged boulder | rusty fractured rock | thin sharp shard | flat angular slab | layered dark stone | faceted dark crystal | embedded metal rock | chunky dark rock | cubic rusty block | crystal cluster rock | golden porous rock | stacked flat stones | rock with gem | spiky mineral formation | flat topped rock | striped dark mineral | cracked glowing rock | smooth clear shard | orange veined rock | spiked metal rock
cut/icon_sheet_5x4_20260918_110236__p03.png	placeholder	icon	icon_sheet_5x4_20260918_110236__p03	sprite	asteroid	rocky asteroid	jagged dark metallic ore	raw/flat-vector-icon-sheet-5x4-grid-icons__20260918-110236.png	3	20	5x4	dark jagged boulder | rusty fractured rock | thin sharp shard | flat angular slab | layered dark stone | faceted dark crystal | embedded metal rock | chunky dark rock | cubic rusty block | crystal cluster rock | golden porous rock | stacked flat stones | rock with gem | spiky mineral formation | flat topped rock | striped dark mineral | cracked glowing rock | smooth clear shard | orange veined rock | spiked metal rock
cut/icon_sheet_5x4_20260918_110236__p04.png	placeholder	icon	icon_sheet_5x4_20260918_110236__p04	sprite	prop	metal bar	dark rectangular weathered metal block	raw/flat-vector-icon-sheet-5x4-grid-icons__20260918-110236.png	4	20	5x4	dark jagged boulder | rusty fractured rock | thin sharp shard | flat angular slab | layered dark stone | faceted dark crystal | embedded metal rock | chunky dark rock | cubic rusty block | crystal cluster rock | golden porous rock | stacked flat stones | rock with gem | spiky mineral formation | flat topped rock | striped dark mineral | cracked glowing rock | smooth clear shard | orange veined rock | spiked metal rock
cut/icon_sheet_5x4_20260918_110236__p05.png	placeholder	icon	icon_sheet_5x4_20260918_110236__p05	sprite	asteroid	layered rock slab	dark jagged stacked strata	raw/flat-vector-icon-sheet-5x4-grid-icons__20260918-110236.png	5	20	5x4	dark jagged boulder | rusty fractured rock | thin sharp shard | flat angular slab | layered dark stone | faceted dark crystal | embedded metal rock | chunky dark rock | cubic rusty block | crystal cluster rock | golden porous rock | stacked flat stones | rock with gem | spiky mineral formation | flat topped rock | striped dark mineral | cracked glowing rock | smooth clear shard | orange veined rock | spiked metal rock
cut/icon_sheet_5x4_20260918_110236__p06.png	placeholder	icon	icon_sheet_5x4_20260918_110236__p06	sprite	asteroid	dark metal asteroid	faceted dark metallic rock	raw/flat-vector-icon-sheet-5x4-grid-icons__20260918-110236.png	6	20	5x4	dark jagged boulder | rusty fractured rock | thin sharp shard | flat angular slab | layered dark stone | faceted dark crystal | embedded metal rock | chunky dark rock | cubic rusty block | crystal cluster rock | golden porous rock | stacked flat stones | rock with gem | spiky mineral formation | flat topped rock | striped dark mineral | cracked glowing rock | smooth clear shard | orange veined rock | spiked metal rock
cut/icon_sheet_5x4_20260918_110236__p07.png	placeholder	icon	icon_sheet_5x4_20260918_110236__p07	sprite	asteroid	metallic crystal vein	embedded metallic crystal vein	raw/flat-vector-icon-sheet-5x4-grid-icons__20260918-110236.png	7	20	5x4	dark jagged boulder | rusty fractured rock | thin sharp shard | flat angular slab | layered dark stone | faceted dark crystal | embedded metal rock | chunky dark rock | cubic rusty block | crystal cluster rock | golden porous rock | stacked flat stones | rock with gem | spiky mineral formation | flat topped rock | striped dark mineral | cracked glowing rock | smooth clear shard | orange veined rock | spiked metal rock
cut/icon_sheet_5x4_20260918_110236__p08.png	placeholder	icon	icon_sheet_5x4_20260918_110236__p08	sprite	asteroid	asteroid rock	dark metallic rocky chunk	raw/flat-vector-icon-sheet-5x4-grid-icons__20260918-110236.png	8	20	5x4	dark jagged boulder | rusty fractured rock | thin sharp shard | flat angular slab | layered dark stone | faceted dark crystal | embedded metal rock | chunky dark rock | cubic rusty block | crystal cluster rock | golden porous rock | stacked flat stones | rock with gem | spiky mineral formation | flat topped rock | striped dark mineral | cracked glowing rock | smooth clear shard | orange veined rock | spiked metal rock
cut/icon_sheet_5x4_20260918_110236__p09.png	placeholder	icon	icon_sheet_5x4_20260918_110236__p09	sprite	prop	metal cube	dark rusted block	raw/flat-vector-icon-sheet-5x4-grid-icons__20260918-110236.png	9	20	5x4	dark jagged boulder | rusty fractured rock | thin sharp shard | flat angular slab | layered dark stone | faceted dark crystal | embedded metal rock | chunky dark rock | cubic rusty block | crystal cluster rock | golden porous rock | stacked flat stones | rock with gem | spiky mineral formation | flat topped rock | striped dark mineral | cracked glowing rock | smooth clear shard | orange veined rock | spiked metal rock
cut/icon_sheet_5x4_20260918_110236__p10.png	placeholder	icon	icon_sheet_5x4_20260918_110236__p10	sprite	asteroid	crystal ore chunk	dark rock with crystal spikes	raw/flat-vector-icon-sheet-5x4-grid-icons__20260918-110236.png	10	20	5x4	dark jagged boulder | rusty fractured rock | thin sharp shard | flat angular slab | layered dark stone | faceted dark crystal | embedded metal rock | chunky dark rock | cubic rusty block | crystal cluster rock | golden porous rock | stacked flat stones | rock with gem | spiky mineral formation | flat topped rock | striped dark mineral | cracked glowing rock | smooth clear shard | orange veined rock | spiked metal rock
cut/icon_sheet_5x4_20260918_110236__p11.png	placeholder	icon	icon_sheet_5x4_20260918_110236__p11	sprite	asteroid	rocky asteroid	rough brown metallic surface	raw/flat-vector-icon-sheet-5x4-grid-icons__20260918-110236.png	11	20	5x4	dark jagged boulder | rusty fractured rock | thin sharp shard | flat angular slab | layered dark stone | faceted dark crystal | embedded metal rock | chunky dark rock | cubic rusty block | crystal cluster rock | golden porous rock | stacked flat stones | rock with gem | spiky mineral formation | flat topped rock | striped dark mineral | cracked glowing rock | smooth clear shard | orange veined rock | spiked metal rock
cut/icon_sheet_5x4_20260918_110236__p12.png	placeholder	icon	icon_sheet_5x4_20260918_110236__p12	sprite	asteroid	layered asteroid rock	stacked metallic rock slabs	raw/flat-vector-icon-sheet-5x4-grid-icons__20260918-110236.png	12	20	5x4	dark jagged boulder | rusty fractured rock | thin sharp shard | flat angular slab | layered dark stone | faceted dark crystal | embedded metal rock | chunky dark rock | cubic rusty block | crystal cluster rock | golden porous rock | stacked flat stones | rock with gem | spiky mineral formation | flat topped rock | striped dark mineral | cracked glowing rock | smooth clear shard | orange veined rock | spiked metal rock
cut/icon_sheet_5x4_20260918_110236__p13.png	placeholder	icon	icon_sheet_5x4_20260918_110236__p13	sprite	prop	dark ore chunk	rough rock with embedded crystal	raw/flat-vector-icon-sheet-5x4-grid-icons__20260918-110236.png	13	20	5x4	dark jagged boulder | rusty fractured rock | thin sharp shard | flat angular slab | layered dark stone | faceted dark crystal | embedded metal rock | chunky dark rock | cubic rusty block | crystal cluster rock | golden porous rock | stacked flat stones | rock with gem | spiky mineral formation | flat topped rock | striped dark mineral | cracked glowing rock | smooth clear shard | orange veined rock | spiked metal rock
cut/icon_sheet_5x4_20260918_110236__p14.png	placeholder	icon	icon_sheet_5x4_20260918_110236__p14	sprite	asteroid	spiked asteroid	dark jagged metallic spikes	raw/flat-vector-icon-sheet-5x4-grid-icons__20260918-110236.png	14	20	5x4	dark jagged boulder | rusty fractured rock | thin sharp shard | flat angular slab | layered dark stone | faceted dark crystal | embedded metal rock | chunky dark rock | cubic rusty block | crystal cluster rock | golden porous rock | stacked flat stones | rock with gem | spiky mineral formation | flat topped rock | striped dark mineral | cracked glowing rock | smooth clear shard | orange veined rock | spiked metal rock
cut/icon_sheet_5x4_20260918_110236__p15.png	placeholder	icon	icon_sheet_5x4_20260918_110236__p15	sprite	asteroid	dark metallic asteroid	rough dark metal rock	raw/flat-vector-icon-sheet-5x4-grid-icons__20260918-110236.png	15	20	5x4	dark jagged boulder | rusty fractured rock | thin sharp shard | flat angular slab | layered dark stone | faceted dark crystal | embedded metal rock | chunky dark rock | cubic rusty block | crystal cluster rock | golden porous rock | stacked flat stones | rock with gem | spiky mineral formation | flat topped rock | striped dark mineral | cracked glowing rock | smooth clear shard | orange veined rock | spiked metal rock
cut/icon_sheet_5x4_20260918_110236__p16.png	placeholder	icon	icon_sheet_5x4_20260918_110236__p16	sprite	pickup	dark crystal ore	jagged black stacked shards	raw/flat-vector-icon-sheet-5x4-grid-icons__20260918-110236.png	16	20	5x4	dark jagged boulder | rusty fractured rock | thin sharp shard | flat angular slab | layered dark stone | faceted dark crystal | embedded metal rock | chunky dark rock | cubic rusty block | crystal cluster rock | golden porous rock | stacked flat stones | rock with gem | spiky mineral formation | flat topped rock | striped dark mineral | cracked glowing rock | smooth clear shard | orange veined rock | spiked metal rock
cut/icon_sheet_5x4_20260918_110236__p17.png	placeholder	icon	icon_sheet_5x4_20260918_110236__p17	sprite	asteroid	asteroid rock	dark jagged ore vein	raw/flat-vector-icon-sheet-5x4-grid-icons__20260918-110236.png	17	20	5x4	dark jagged boulder | rusty fractured rock | thin sharp shard | flat angular slab | layered dark stone | faceted dark crystal | embedded metal rock | chunky dark rock | cubic rusty block | crystal cluster rock | golden porous rock | stacked flat stones | rock with gem | spiky mineral formation | flat topped rock | striped dark mineral | cracked glowing rock | smooth clear shard | orange veined rock | spiked metal rock
cut/icon_sheet_5x4_20260918_110236__p18.png	placeholder	icon	icon_sheet_5x4_20260918_110236__p18	sprite	asteroid	glowing asteroid rock	molten crack dark crust	raw/flat-vector-icon-sheet-5x4-grid-icons__20260918-110236.png	18	20	5x4	dark jagged boulder | rusty fractured rock | thin sharp shard | flat angular slab | layered dark stone | faceted dark crystal | embedded metal rock | chunky dark rock | cubic rusty block | crystal cluster rock | golden porous rock | stacked flat stones | rock with gem | spiky mineral formation | flat topped rock | striped dark mineral | cracked glowing rock | smooth clear shard | orange veined rock | spiked metal rock
cut/icon_sheet_5x4_20260918_110236__p19.png	placeholder	icon	icon_sheet_5x4_20260918_110236__p19	sprite	prop	metal claw	curved rusty metal shard	raw/flat-vector-icon-sheet-5x4-grid-icons__20260918-110236.png	19	20	5x4	dark jagged boulder | rusty fractured rock | thin sharp shard | flat angular slab | layered dark stone | faceted dark crystal | embedded metal rock | chunky dark rock | cubic rusty block | crystal cluster rock | golden porous rock | stacked flat stones | rock with gem | spiky mineral formation | flat topped rock | striped dark mineral | cracked glowing rock | smooth clear shard | orange veined rock | spiked metal rock
cut/icon_sheet_5x4_20260918_110236__p20.png	placeholder	icon	icon_sheet_5x4_20260918_110236__p20	sprite	asteroid	dark metallic asteroid	spiky jagged dark rock	raw/flat-vector-icon-sheet-5x4-grid-icons__20260918-110236.png	20	20	5x4	dark jagged boulder | rusty fractured rock | thin sharp shard | flat angular slab | layered dark stone | faceted dark crystal | embedded metal rock | chunky dark rock | cubic rusty block | crystal cluster rock | golden porous rock | stacked flat stones | rock with gem | spiky mineral formation | flat topped rock | striped dark mineral | cracked glowing rock | smooth clear shard | orange veined rock | spiked metal rock
cut/icon_sheet_5x4_20260918_110318__p01.png	placeholder	icon	icon_sheet_5x4_20260918_110318__p01	sprite	pickup	metal ingot	dark textured metal bar	raw/flat-vector-icon-sheet-5x4-grid-icons__20260918-110318.png	1	20	5x4	angled metal block | rusty grooved bar | tapered metal wedge | stepped metal block | beveled metal ingot | slotted metal block | rounded metal brick | stepped angled bar | square notched block | ridged rectangular bar | drilled metal bar | double grooved block | x scored block | split end bar | grooved rounded bar | perforated metal block | double ridged bar | u channel bar | hollow metal pipe | broken jagged shard
cut/icon_sheet_5x4_20260918_110318__p02.png	placeholder	icon	icon_sheet_5x4_20260918_110318__p02	sprite	prop	metal ingot	rusty grooved rectangular block	raw/flat-vector-icon-sheet-5x4-grid-icons__20260918-110318.png	2	20	5x4	angled metal block | rusty grooved bar | tapered metal wedge | stepped metal block | beveled metal ingot | slotted metal block | rounded metal brick | stepped angled bar | square notched block | ridged rectangular bar | drilled metal bar | double grooved block | x scored block | split end bar | grooved rounded bar | perforated metal block | double ridged bar | u channel bar | hollow metal pipe | broken jagged shard
cut/icon_sheet_5x4_20260918_110318__p03.png	placeholder	icon	icon_sheet_5x4_20260918_110318__p03	sprite	prop	metal ingot	long dark rough rectangular bar	raw/flat-vector-icon-sheet-5x4-grid-icons__20260918-110318.png	3	20	5x4	angled metal block | rusty grooved bar | tapered metal wedge | stepped metal block | beveled metal ingot | slotted metal block | rounded metal brick | stepped angled bar | square notched block | ridged rectangular bar | drilled metal bar | double grooved block | x scored block | split end bar | grooved rounded bar | perforated metal block | double ridged bar | u channel bar | hollow metal pipe | broken jagged shard
cut/icon_sheet_5x4_20260918_110318__p04.png	placeholder	icon	icon_sheet_5x4_20260918_110318__p04	sprite	prop	stone ingot	layered dark stone block	raw/flat-vector-icon-sheet-5x4-grid-icons__20260918-110318.png	4	20	5x4	angled metal block | rusty grooved bar | tapered metal wedge | stepped metal block | beveled metal ingot | slotted metal block | rounded metal brick | stepped angled bar | square notched block | ridged rectangular bar | drilled metal bar | double grooved block | x scored block | split end bar | grooved rounded bar | perforated metal block | double ridged bar | u channel bar | hollow metal pipe | broken jagged shard
cut/icon_sheet_5x4_20260918_110318__p05.png	placeholder	icon	icon_sheet_5x4_20260918_110318__p05	sprite	pickup	metal crate	rusty rectangular metal container	raw/flat-vector-icon-sheet-5x4-grid-icons__20260918-110318.png	5	20	5x4	angled metal block | rusty grooved bar | tapered metal wedge | stepped metal block | beveled metal ingot | slotted metal block | rounded metal brick | stepped angled bar | square notched block | ridged rectangular bar | drilled metal bar | double grooved block | x scored block | split end bar | grooved rounded bar | perforated metal block | double ridged bar | u channel bar | hollow metal pipe | broken jagged shard
cut/icon_sheet_5x4_20260918_110318__p06.png	placeholder	icon	icon_sheet_5x4_20260918_110318__p06	sprite	prop	metal ingot	dark worn rectangular bar	raw/flat-vector-icon-sheet-5x4-grid-icons__20260918-110318.png	6	20	5x4	angled metal block | rusty grooved bar | tapered metal wedge | stepped metal block | beveled metal ingot | slotted metal block | rounded metal brick | stepped angled bar | square notched block | ridged rectangular bar | drilled metal bar | double grooved block | x scored block | split end bar | grooved rounded bar | perforated metal block | double ridged bar | u channel bar | hollow metal pipe | broken jagged shard
cut/icon_sheet_5x4_20260918_110318__p07.png	placeholder	icon	icon_sheet_5x4_20260918_110318__p07	sprite	prop	metal ingot	dark rough rectangular bar	raw/flat-vector-icon-sheet-5x4-grid-icons__20260918-110318.png	7	20	5x4	angled metal block | rusty grooved bar | tapered metal wedge | stepped metal block | beveled metal ingot | slotted metal block | rounded metal brick | stepped angled bar | square notched block | ridged rectangular bar | drilled metal bar | double grooved block | x scored block | split end bar | grooved rounded bar | perforated metal block | double ridged bar | u channel bar | hollow metal pipe | broken jagged shard
cut/icon_sheet_5x4_20260918_110318__p08.png	placeholder	icon	icon_sheet_5x4_20260918_110318__p08	sprite	asteroid	metal asteroid	stepped blocky metallic shape	raw/flat-vector-icon-sheet-5x4-grid-icons__20260918-110318.png	8	20	5x4	angled metal block | rusty grooved bar | tapered metal wedge | stepped metal block | beveled metal ingot | slotted metal block | rounded metal brick | stepped angled bar | square notched block | ridged rectangular bar | drilled metal bar | double grooved block | x scored block | split end bar | grooved rounded bar | perforated metal block | double ridged bar | u channel bar | hollow metal pipe | broken jagged shard
cut/icon_sheet_5x4_20260918_110318__p09.png	placeholder	icon	icon_sheet_5x4_20260918_110318__p09	sprite	prop	metal crate	dark textured metal block	raw/flat-vector-icon-sheet-5x4-grid-icons__20260918-110318.png	9	20	5x4	angled metal block | rusty grooved bar | tapered metal wedge | stepped metal block | beveled metal ingot | slotted metal block | rounded metal brick | stepped angled bar | square notched block | ridged rectangular bar | drilled metal bar | double grooved block | x scored block | split end bar | grooved rounded bar | perforated metal block | double ridged bar | u channel bar | hollow metal pipe | broken jagged shard
cut/icon_sheet_5x4_20260918_110318__p10.png	placeholder	icon	icon_sheet_5x4_20260918_110318__p10	sprite	prop	metal ingot	cracked dark metal block	raw/flat-vector-icon-sheet-5x4-grid-icons__20260918-110318.png	10	20	5x4	angled metal block | rusty grooved bar | tapered metal wedge | stepped metal block | beveled metal ingot | slotted metal block | rounded metal brick | stepped angled bar | square notched block | ridged rectangular bar | drilled metal bar | double grooved block | x scored block | split end bar | grooved rounded bar | perforated metal block | double ridged bar | u channel bar | hollow metal pipe | broken jagged shard
cut/icon_sheet_5x4_20260918_110318__p11.png	placeholder	icon	icon_sheet_5x4_20260918_110318__p11	sprite	prop	metal block	weathered rusty rectangular block	raw/flat-vector-icon-sheet-5x4-grid-icons__20260918-110318.png	11	20	5x4	angled metal block | rusty grooved bar | tapered metal wedge | stepped metal block | beveled metal ingot | slotted metal block | rounded metal brick | stepped angled bar | square notched block | ridged rectangular bar | drilled metal bar | double grooved block | x scored block | split end bar | grooved rounded bar | perforated metal block | double ridged bar | u channel bar | hollow metal pipe | broken jagged shard
cut/icon_sheet_5x4_20260918_110318__p12.png	placeholder	icon	icon_sheet_5x4_20260918_110318__p12	sprite	pickup	metal bar	stepped dark metal ingot	raw/flat-vector-icon-sheet-5x4-grid-icons__20260918-110318.png	12	20	5x4	angled metal block | rusty grooved bar | tapered metal wedge | stepped metal block | beveled metal ingot | slotted metal block | rounded metal brick | stepped angled bar | square notched block | ridged rectangular bar | drilled metal bar | double grooved block | x scored block | split end bar | grooved rounded bar | perforated metal block | double ridged bar | u channel bar | hollow metal pipe | broken jagged shard
cut/icon_sheet_5x4_20260918_110318__p13.png	placeholder	icon	icon_sheet_5x4_20260918_110318__p13	sprite	prop	metal ingot	dark star engraved bar	raw/flat-vector-icon-sheet-5x4-grid-icons__20260918-110318.png	13	20	5x4	angled metal block | rusty grooved bar | tapered metal wedge | stepped metal block | beveled metal ingot | slotted metal block | rounded metal brick | stepped angled bar | square notched block | ridged rectangular bar | drilled metal bar | double grooved block | x scored block | split end bar | grooved rounded bar | perforated metal block | double ridged bar | u channel bar | hollow metal pipe | broken jagged shard
cut/icon_sheet_5x4_20260918_110318__p14.png	placeholder	icon	icon_sheet_5x4_20260918_110318__p14	sprite	prop	weathered metal ingot	rusty notched rectangular block	raw/flat-vector-icon-sheet-5x4-grid-icons__20260918-110318.png	14	20	5x4	angled metal block | rusty grooved bar | tapered metal wedge | stepped metal block | beveled metal ingot | slotted metal block | rounded metal brick | stepped angled bar | square notched block | ridged rectangular bar | drilled metal bar | double grooved block | x scored block | split end bar | grooved rounded bar | perforated metal block | double ridged bar | u channel bar | hollow metal pipe | broken jagged shard
cut/icon_sheet_5x4_20260918_110318__p15.png	placeholder	icon	icon_sheet_5x4_20260918_110318__p15	sprite	prop	stone block	beveled dark stone ingot	raw/flat-vector-icon-sheet-5x4-grid-icons__20260918-110318.png	15	20	5x4	angled metal block | rusty grooved bar | tapered metal wedge | stepped metal block | beveled metal ingot | slotted metal block | rounded metal brick | stepped angled bar | square notched block | ridged rectangular bar | drilled metal bar | double grooved block | x scored block | split end bar | grooved rounded bar | perforated metal block | double ridged bar | u channel bar | hollow metal pipe | broken jagged shard
cut/icon_sheet_5x4_20260918_110318__p16.png	placeholder	icon	icon_sheet_5x4_20260918_110318__p16	sprite	prop	metal brick	perforated dark metal block	raw/flat-vector-icon-sheet-5x4-grid-icons__20260918-110318.png	16	20	5x4	angled metal block | rusty grooved bar | tapered metal wedge | stepped metal block | beveled metal ingot | slotted metal block | rounded metal brick | stepped angled bar | square notched block | ridged rectangular bar | drilled metal bar | double grooved block | x scored block | split end bar | grooved rounded bar | perforated metal block | double ridged bar | u channel bar | hollow metal pipe | broken jagged shard
cut/icon_sheet_5x4_20260918_110318__p17.png	placeholder	icon	icon_sheet_5x4_20260918_110318__p17	sprite	prop	metal bar	black grooved bar stock	raw/flat-vector-icon-sheet-5x4-grid-icons__20260918-110318.png	17	20	5x4	angled metal block | rusty grooved bar | tapered metal wedge | stepped metal block | beveled metal ingot | slotted metal block | rounded metal brick | stepped angled bar | square notched block | ridged rectangular bar | drilled metal bar | double grooved block | x scored block | split end bar | grooved rounded bar | perforated metal block | double ridged bar | u channel bar | hollow metal pipe | broken jagged shard
cut/icon_sheet_5x4_20260918_110318__p18.png	placeholder	icon	icon_sheet_5x4_20260918_110318__p18	sprite	prop	metal bracket	rusty notched metal block	raw/flat-vector-icon-sheet-5x4-grid-icons__20260918-110318.png	18	20	5x4	angled metal block | rusty grooved bar | tapered metal wedge | stepped metal block | beveled metal ingot | slotted metal block | rounded metal brick | stepped angled bar | square notched block | ridged rectangular bar | drilled metal bar | double grooved block | x scored block | split end bar | grooved rounded bar | perforated metal block | double ridged bar | u channel bar | hollow metal pipe | broken jagged shard
cut/icon_sheet_5x4_20260918_110318__p19.png	placeholder	icon	icon_sheet_5x4_20260918_110318__p19	sprite	debris	metal debris fragment	scratched hollow metal shard	raw/flat-vector-icon-sheet-5x4-grid-icons__20260918-110318.png	19	20	5x4	angled metal block | rusty grooved bar | tapered metal wedge | stepped metal block | beveled metal ingot | slotted metal block | rounded metal brick | stepped angled bar | square notched block | ridged rectangular bar | drilled metal bar | double grooved block | x scored block | split end bar | grooved rounded bar | perforated metal block | double ridged bar | u channel bar | hollow metal pipe | broken jagged shard
cut/icon_sheet_5x4_20260918_110318__p20.png	placeholder	icon	icon_sheet_5x4_20260918_110318__p20	sprite	asteroid	dark metallic asteroid	angular rock with glowing orange veins	raw/flat-vector-icon-sheet-5x4-grid-icons__20260918-110318.png	20	20	5x4	angled metal block | rusty grooved bar | tapered metal wedge | stepped metal block | beveled metal ingot | slotted metal block | rounded metal brick | stepped angled bar | square notched block | ridged rectangular bar | drilled metal bar | double grooved block | x scored block | split end bar | grooved rounded bar | perforated metal block | double ridged bar | u channel bar | hollow metal pipe | broken jagged shard
cut/ship_sheet_2x2_20260917_213637__p01.png	placeholder	ship	ship_sheet_2x2_20260917_213637__p01	sprite	ship	dark warship	dark angular hull orange engine	raw/ship_drone_swarm__20260917-213637.png	1	4	2x2	dark drone ship | angled drone ship | sideways drone ship | drone ship vertical
cut/ship_sheet_2x2_20260917_213637__p02.png	placeholder	ship	ship_sheet_2x2_20260917_213637__p02	sprite	ship	dark angular spaceship	long triangular dark grey hull	raw/ship_drone_swarm__20260917-213637.png	2	4	2x2	dark drone ship | angled drone ship | sideways drone ship | drone ship vertical
cut/ship_sheet_2x2_20260917_213637__p03.png	placeholder	ship	ship_sheet_2x2_20260917_213637__p03	sprite	ship	missile ship	dark faceted missile cockpit	raw/ship_drone_swarm__20260917-213637.png	3	4	2x2	dark drone ship | angled drone ship | sideways drone ship | drone ship vertical
cut/ship_sheet_2x2_20260917_213637__p04.png	placeholder	ship	ship_sheet_2x2_20260917_213637__p04	sprite	ship	dark cargo shuttle	angular weathered dark hull	raw/ship_drone_swarm__20260917-213637.png	4	4	2x2	dark drone ship | angled drone ship | sideways drone ship | drone ship vertical
cut/ship_sheet_2x2_20260918_112624__p01.png	placeholder	ship	ship_sheet_2x2_20260918_112624__p01	sprite	ship	riveted spaceship	riveted iron hull twin engines	raw/same-2x2-rotation-sheet-of-the-same-enem__20260918-112624.png	1	4	2x2	ship rear view | ship angled rear view | ship side view | ship forward view
cut/ship_sheet_2x2_20260918_112624__p02.png	placeholder	ship	ship_sheet_2x2_20260918_112624__p02	sprite	ship	armored spaceship	riveted dark hull glowing engines	raw/same-2x2-rotation-sheet-of-the-same-enem__20260918-112624.png	2	4	2x2	ship rear view | ship angled rear view | ship side view | ship forward view
cut/ship_sheet_2x2_20260918_112624__p03.png	placeholder	ship	ship_sheet_2x2_20260918_112624__p03	sprite	ship	patched cargo ship	riveted dark hull twin engines	raw/same-2x2-rotation-sheet-of-the-same-enem__20260918-112624.png	3	4	2x2	ship rear view | ship angled rear view | ship side view | ship forward view
cut/ship_sheet_2x2_20260918_112624__p04.png	placeholder	ship	ship_sheet_2x2_20260918_112624__p04	sprite	ship	armored spaceship	riveted dark metal hull	raw/same-2x2-rotation-sheet-of-the-same-enem__20260918-112624.png	4	4	2x2	ship rear view | ship angled rear view | ship side view | ship forward view
cut/ship_sheet_2x2_20260918_112721__p01.png	placeholder	ship	ship_sheet_2x2_20260918_112721__p01	sprite	ship	heavy cargo ship	angular weathered twin engine	raw/same-2x2-rotation-sheet-of-the-same-enem__20260918-112721.png	1	4	2x2	ship rear view | ship angled view | ship side view | ship bottom view
cut/ship_sheet_2x2_20260918_112721__p02.png	placeholder	ship	ship_sheet_2x2_20260918_112721__p02	sprite	ship	armored spaceship	twin orange engine thrusters	raw/same-2x2-rotation-sheet-of-the-same-enem__20260918-112721.png	2	4	2x2	ship rear view | ship angled view | ship side view | ship bottom view
cut/ship_sheet_2x2_20260918_112721__p03.png	placeholder	ship	ship_sheet_2x2_20260918_112721__p03	sprite	ship	patched gunship	weathered twin engine gunship	raw/same-2x2-rotation-sheet-of-the-same-enem__20260918-112721.png	3	4	2x2	ship rear view | ship angled view | ship side view | ship bottom view
cut/ship_sheet_2x2_20260918_112721__p04.png	placeholder	ship	ship_sheet_2x2_20260918_112721__p04	sprite	ship	armored spaceship	twin engines wedge hull	raw/same-2x2-rotation-sheet-of-the-same-enem__20260918-112721.png	4	4	2x2	ship rear view | ship angled view | ship side view | ship bottom view
cut/ship_sheet_2x2_20260918_112813__p01.png	placeholder	ship	ship_sheet_2x2_20260918_112813__p01	sprite	ship	rusted spaceship	weathered rusted twin engine hull	raw/same-2x2-rotation-sheet-of-the-same-enem__20260918-112813.png	1	4	2x2	rear view enemy ship | angled side enemy ship | side view enemy ship | front view enemy ship
cut/ship_sheet_2x2_20260918_112813__p02.png	placeholder	ship	ship_sheet_2x2_20260918_112813__p02	sprite	ship	weathered spaceship	rusty hull twin engines	raw/same-2x2-rotation-sheet-of-the-same-enem__20260918-112813.png	2	4	2x2	rear view enemy ship | angled side enemy ship | side view enemy ship | front view enemy ship
cut/ship_sheet_2x2_20260918_112813__p03.png	placeholder	ship	ship_sheet_2x2_20260918_112813__p03	sprite	ship	rusted spaceship	rusty battered twin engine freighter	raw/same-2x2-rotation-sheet-of-the-same-enem__20260918-112813.png	3	4	2x2	rear view enemy ship | angled side enemy ship | side view enemy ship | front view enemy ship
cut/ship_sheet_2x2_20260918_112813__p04.png	placeholder	ship	ship_sheet_2x2_20260918_112813__p04	sprite	ship	rusty spaceship	rusty twin engine gunship	raw/same-2x2-rotation-sheet-of-the-same-enem__20260918-112813.png	4	4	2x2	rear view enemy ship | angled side enemy ship | side view enemy ship | front view enemy ship
cut/ui_sheet_1x1_20260917_183801.png	placeholder	ui	ui_sheet_1x1_20260917_183801	sprite	logo	vajb orbit logo	metallic gothic lettering emblem	raw/logo-vajb-orbit-the-word-vajb-orbit-as.png	1	1	1x1	vajb orbit wordmark
cut/ui_sheet_1x1_20260918_123330.png	placeholder	ui	ui_sheet_1x1_20260918_123330	sprite	ui_frame	metal ui frame	riveted dark square border	raw/f1_panel_frame.png	1	1	1x1	riveted metal panel frame
cut/ui_sheet_2x2_20260917_183232__p01.png	placeholder	ui	ui_sheet_2x2_20260917_183232__p01	sprite	ui_frame	metal nameplate	riveted beveled dark plate	raw/ui-button-plate-a-square-panel-with-fou.png	1	4	2x2	beveled plate dark gray | beveled plate rust tinge | flat plate dark gray | beveled plate plain dark
cut/ui_sheet_2x2_20260917_183232__p02.png	placeholder	ui	ui_sheet_2x2_20260917_183232__p02	sprite	ui_frame	metal ui plate	riveted beveled dark metal	raw/ui-button-plate-a-square-panel-with-fou.png	2	4	2x2	beveled plate dark gray | beveled plate rust tinge | flat plate dark gray | beveled plate plain dark
cut/ui_sheet_2x2_20260917_183232__p03.png	placeholder	ui	ui_sheet_2x2_20260917_183232__p03	sprite	bar	dark ui bar	weathered metal with rivets	raw/ui-button-plate-a-square-panel-with-fou.png	3	4	2x2	beveled plate dark gray | beveled plate rust tinge | flat plate dark gray | beveled plate plain dark
cut/ui_sheet_2x2_20260917_183232__p04.png	placeholder	ui	ui_sheet_2x2_20260917_183232__p04	sprite	ui_frame	armor plate	dark riveted metal plate	raw/ui-button-plate-a-square-panel-with-fou.png	4	4	2x2	beveled plate dark gray | beveled plate rust tinge | flat plate dark gray | beveled plate plain dark
cut/icon_cargo_data_core__20260917-183446.png	twin	icon	icon_cargo_data_core__20260917-183446	sprite	icon	cargo data core	white square frame corners cut	raw/panel_cargo.png	6	6	2x3	cracked asteroid rock | shipping crate container | armored cargo panel | fuel canister bottle | torn metal plate | square cargo module
cut/icon_credits__20260917-183722.png	twin	icon	icon_credits__20260917-183722	sprite	icon	hexagon credit icon	black hexagon split vertically	raw/panel_glyphs.png	5	9	3x3	gear settings icon | close cross icon | zoom in icon | zoom out icon | hex split icon | shield split icon | cracked shield icon | three vertical bars | logout arrow icon
cut/icon_shield__20260917-183722.png	twin	icon	icon_shield__20260917-183722	sprite	icon	shield icon	black outlined split shield	raw/panel_glyphs.png	6	9	3x3	gear settings icon | close cross icon | zoom in icon | zoom out icon | hex split icon | shield split icon | cracked shield icon | three vertical bars | logout arrow icon
cut/icon_zoom_minus__20260917-183722.png	twin	icon	icon_zoom_minus__20260917-183722	sprite	icon	zoom minus icon	magnifying glass minus sign	raw/panel_glyphs.png	4	9	3x3	gear settings icon | close cross icon | zoom in icon | zoom out icon | hex split icon | shield split icon | cracked shield icon | three vertical bars | logout arrow icon
cut/icon_zoom_plus__20260917-183722.png	twin	icon	icon_zoom_plus__20260917-183722	sprite	icon	zoom in icon	magnifier with plus sign	raw/panel_glyphs.png	3	9	3x3	gear settings icon | close cross icon | zoom in icon | zoom out icon | hex split icon | shield split icon | cracked shield icon | three vertical bars | logout arrow icon
cut/ui_button_plate_disabled__20260917-185457.png	twin	ui	ui_button_plate_disabled__20260917-185457	sprite	ui_button	ui button plate	dark worn metal plate	raw/ui_button_plate__20260917-185457.png	4	4	2x2	riveted metal bar | ember edged bar | recessed dark bar | worn slate bar
cut/ui_button_plate_hover__20260917-185457.png	twin	ui	ui_button_plate_hover__20260917-185457	sprite	ui_button	ui button plate	dark metal glowing orange edge	raw/ui_button_plate__20260917-185457.png	2	4	2x2	riveted metal bar | ember edged bar | recessed dark bar | worn slate bar
cut/ui_button_plate_normal__20260917-185457.png	twin	ui	ui_button_plate_normal__20260917-185457	sprite	ui_button	metal button plate	worn dark metal rivets	raw/ui_button_plate__20260917-185457.png	1	4	2x2	riveted metal bar | ember edged bar | recessed dark bar | worn slate bar
cut/ui_button_plate_pressed__20260917-185457.png	twin	ui	ui_button_plate_pressed__20260917-185457	sprite	ui_button	metal button plate	dark weathered beveled pressed	raw/ui_button_plate__20260917-185457.png	3	4	2x2	riveted metal bar | ember edged bar | recessed dark bar | worn slate bar
cut/ui_panel_frame__20260917-183136.png	twin	ui	ui_panel_frame__20260917-183136	sprite	ui_frame	ui panel frame	riveted metal corner brackets	raw/ui_panel_frame__20260917-183136.png	1	1	1x1	riveted metal frame
raw/icon_module__20260918-114107.png	twin	icon	icon_module__20260918-114107	sheet	prop	black modular station part icons		raw/icon_module__20260918-114107.png			3x3	docking corridor connector | thruster nozzle module | curved arch segment | double ring arch | ribbed arch segment | diagonal braced block | triple port block | lattice truss panel | windowed wall panel
raw/icon_module__20260918-114156.png	twin	icon	icon_module__20260918-114156	sheet	icon	black space module icon set		raw/icon_module__20260918-114156.png			3x3	barred container module | octagonal frame module | cone thruster module | finned thruster module | gripper claw module | chevron arrow panel | arrow block module | four pane frame | radar dish module
raw/icon_module__20260918-114240.png	twin	icon	icon_module__20260918-114240	sheet	icon	black spaceship module icons		raw/icon_module__20260918-114240.png			3x3	frame corners bracket | thruster square vent | square tunnel frame | angled hangar bay | gripper claw arm | funnel thruster nozzle | fighter launch bay | engine exhaust thruster | double missile rack
raw/ship_drone_swarm__20260917-213637.png	twin	ship	ship_drone_swarm__20260917-213637	sheet	ship	dark drone ships texture sheet		raw/ship_drone_swarm__20260917-213637.png			2x2	dark drone ship | angled drone ship | sideways drone ship | drone ship vertical
raw/ship_drone_swarm__20260918-133108.png	twin	ship	ship_drone_swarm__20260918-133108	sheet	ship	dark spiked drone space fighters		raw/ship_drone_swarm__20260918-133108.png			2x2	vertical drone engine down | angled drone engine down | horizontal drone engine left | vertical drone engine up
raw/ui_button_plate__20260917-185457.png	twin	ui	ui_button_plate__20260917-185457	sheet	ui_button	metal ui button plates		raw/ui_button_plate__20260917-185457.png			2x2	riveted metal bar | ember edged bar | recessed dark bar | worn slate bar
raw/ui_button_plate__20260918-133142.png	twin	ui	ui_button_plate__20260918-133142	sheet	ui_button	metal ui button plates		raw/ui_button_plate__20260918-133142.png			2x2	riveted metal plate | rusty metal plate | beveled dark plate | plain metal plate
raw/ui_panel_frame__20260917-183136.png	twin	ui	ui_panel_frame__20260917-183136	sheet	ui_frame	riveted metal ui frame panel		raw/ui_panel_frame__20260917-183136.png			1x1	riveted metal frame
raw/ui_panel_frame__20260918-133002.png	twin	ui	ui_panel_frame__20260918-133002	sheet	ui_frame	dark metal ui panel frame		raw/ui_panel_frame__20260918-133002.png			1x1	dark metal panel frame
raw/4-frame-horizontal-sprite-sheet-of-a-wea.png	slug	unknown	4-frame-horizontal-sprite-sheet-of-a-wea	sheet	fx	weapon muzzle flash animation frames		raw/4-frame-horizontal-sprite-sheet-of-a-wea.png			4x1	pistol muzzle flash | pistol fire burst | pistol smoke burst | pistol smoke fade
raw/flat-vector-icon-sheet-2x2-grid-icons.png	slug	unknown	flat-vector-icon-sheet-2x2-grid-icons	sheet	icon	rusty metal sci-fi icon sheet		raw/flat-vector-icon-sheet-2x2-grid-icons.png			2x2	vault door icon | shield icon | circle slash icon
raw/flat-vector-icon-sheet-3x3-grid-icons__20260918-110409.png	slug	unknown	flat-vector-icon-sheet-3x3-grid-icons__20260918-110409	sheet	prop	dark metal sci-fi modular parts		raw/flat-vector-icon-sheet-3x3-grid-icons__20260918-110409.png			3x3	double barreled cannon | gripper claw device | thin arched handle | thick arched handle | glowing arched handle | square metal plate | riveted side panel | lattice patterned plate | glowing coil module
raw/flat-vector-icon-sheet-3x3-grid-icons__20260918-110458.png	slug	unknown	flat-vector-icon-sheet-3x3-grid-icons__20260918-110458	sheet	prop	rusty sci-fi machinery components		raw/flat-vector-icon-sheet-3x3-grid-icons__20260918-110458.png			3x3	vented power block | octagonal armored plate | rusty cone lamp | double winged lamp | clawed cone lamp | chevron vent block | arrow direction plaque | crosshair targeting plaque | dish antenna device
raw/flat-vector-icon-sheet-3x3-grid-icons__20260918-110547.png	slug	unknown	flat-vector-icon-sheet-3x3-grid-icons__20260918-110547	sheet	prop	dark sci-fi modular station components		raw/flat-vector-icon-sheet-3x3-grid-icons__20260918-110547.png			3x3	sensor targeting modules | thruster engine block | armored node panel | open metal crate | robotic claw arm | hopper funnel unit | hangar fighter bay | exhaust thruster nozzle | vertical storage containers
raw/flat-vector-icon-sheet-4x2-grid-icons__20260918-110642.png	slug	unknown	flat-vector-icon-sheet-4x2-grid-icons__20260918-110642	sheet	prop	dark sci-fi modular wall panels		raw/flat-vector-icon-sheet-4x2-grid-icons__20260918-110642.png			4x2	trapezoid vent panel | glowing vertical core | circular ring hatch | arched glowing vent | angled armor plates | square circuit panel | chevron marked hatch | octagonal frame hatch
raw/flat-vector-icon-sheet-4x2-grid-icons__20260918-110921.png	slug	unknown	flat-vector-icon-sheet-4x2-grid-icons__20260918-110921	sheet	icon	flat vector sci-fi icon sheet		raw/flat-vector-icon-sheet-4x2-grid-icons__20260918-110921.png			4x2	vented trapezoid thruster | orange lined reactor | claw ring coupling | orange arc gauge | stacked metal plates | square circuit block | chevron armor plate | octagonal bracket frame
raw/flat-vector-icon-sheet-5x4-grid-icons__20260918-110236.png	slug	unknown	flat-vector-icon-sheet-5x4-grid-icons__20260918-110236	sheet	prop	dark space rock mineral icons		raw/flat-vector-icon-sheet-5x4-grid-icons__20260918-110236.png			5x4	dark jagged boulder | rusty fractured rock | thin sharp shard | flat angular slab | layered dark stone | faceted dark crystal | embedded metal rock | chunky dark rock | cubic rusty block | crystal cluster rock | golden porous rock | stacked flat stones | rock with gem | spiky mineral formation | flat topped rock | striped dark mineral | cracked glowing rock | smooth clear shard | orange veined rock | spiked metal rock
raw/flat-vector-icon-sheet-5x4-grid-icons__20260918-110318.png	slug	unknown	flat-vector-icon-sheet-5x4-grid-icons__20260918-110318	sheet	prop	dark metal bar prop icons		raw/flat-vector-icon-sheet-5x4-grid-icons__20260918-110318.png			5x4	angled metal block | rusty grooved bar | tapered metal wedge | stepped metal block | beveled metal ingot | slotted metal block | rounded metal brick | stepped angled bar | square notched block | ridged rectangular bar | drilled metal bar | double grooved block | x scored block | split end bar | grooved rounded bar | perforated metal block | double ridged bar | u channel bar | hollow metal pipe | broken jagged shard
raw/flat-vector-icon-sheet-for-a-dark-sci-fi.png	slug	unknown	flat-vector-icon-sheet-for-a-dark-sci-fi	sheet	prop	rusty sci-fi weapon and mine icons		raw/flat-vector-icon-sheet-for-a-dark-sci-fi.png			2x3	glowing barrel weapon | angled pipe weapon | pointed rocket missile | spiked naval mine | ringed glowing device
raw/grimdark-painted-sci-fi-semi-realistic__20260918-111044.png	slug	unknown	grimdark-painted-sci-fi-semi-realistic__20260918-111044	sheet	icon	black space station module icons		raw/grimdark-painted-sci-fi-semi-realistic__20260918-111044.png			4x2	trapezoid cup module | barred rectangular module | open clamp module | dome arch module | stacked plate layers | diamond box module | chevron engine module | buckled crate module
raw/grimdark-painted-sci-fi-semi-realistic__20260918-111327.png	slug	unknown	grimdark-painted-sci-fi-semi-realistic__20260918-111327	sheet	prop	black spaceship component silhouettes set		raw/grimdark-painted-sci-fi-semi-realistic__20260918-111327.png			3x3	engine nozzle connector | gripper arm device | simple arch handle | double arch handle | small ribbed arch | rounded rectangular panel | long dotted vent panel | diagonal cross hatch panel | vertical grilled radiator block
raw/grimdark-painted-sci-fi-semi-realistic__20260918-111411.png	slug	unknown	grimdark-painted-sci-fi-semi-realistic__20260918-111411	sheet	icon	black sci-fi interface icon set		raw/grimdark-painted-sci-fi-semi-realistic__20260918-111411.png			3x3	barred container silhouette | octagonal ring module | flared tower silhouette | winged tower emitter | side-podded module | chevron-striped canister | double arrow marker | crosshair target reticle | dish antenna signal
raw/grimdark-painted-sci-fi-semi-realistic__20260918-111450.png	slug	unknown	grimdark-painted-sci-fi-semi-realistic__20260918-111450	sheet	icon	black sci fi interface icons		raw/grimdark-painted-sci-fi-semi-realistic__20260918-111450.png			3x3	double window panels | launching pad | crossed frame | robotic arm | claw hook | hopper funnel | hangar fighters | thruster exhaust | battery cells
raw/grimdark-painted-sci-fi-semi-realistic__20260918-113357.png	slug	unknown	grimdark-painted-sci-fi-semi-realistic__20260918-113357	sheet	icon	black sci-fi ui icon set		raw/grimdark-painted-sci-fi-semi-realistic__20260918-113357.png			2x2	book manual icon | shield emblem icon | power button icon
raw/grimdark-painted-sci-fi-semi-realistic__20260918-123214.png	slug	unknown	grimdark-painted-sci-fi-semi-realistic__20260918-123214	sheet	icon	black line game ui icons		raw/grimdark-painted-sci-fi-semi-realistic__20260918-123214.png			2x2	plus magnifier icon | minus magnifier icon | hexagon vertical bar | shield divider icon
raw/grimdark-painted-sci-fi-semi-realistic__20260918-133035.png	slug	unknown	grimdark-painted-sci-fi-semi-realistic__20260918-133035	sheet	icon	black sci-fi icon set		raw/grimdark-painted-sci-fi-semi-realistic__20260918-133035.png			2x2	zoom in icon | zoom out icon | hexagon info icon | shield icon
raw/logo-vajb-orbit-the-word-vajb-orbit-as.png	slug	unknown	logo-vajb-orbit-the-word-vajb-orbit-as	sheet	logo	vajb orbit game logo		raw/logo-vajb-orbit-the-word-vajb-orbit-as.png			1x1	vajb orbit wordmark
raw/mining-base-structure-a-station-scale-i.png	slug	unknown	mining-base-structure-a-station-scale-i	sheet	station	industrial mining space station		raw/mining-base-structure-a-station-scale-i.png			1x1	central mining station
raw/same-2x2-rotation-sheet-of-the-same-enem__20260918-112624.png	slug	unknown	same-2x2-rotation-sheet-of-the-same-enem__20260918-112624	sheet	ship	enemy ship rotation views		raw/same-2x2-rotation-sheet-of-the-same-enem__20260918-112624.png			2x2	ship rear view | ship angled rear view | ship side view | ship forward view
raw/same-2x2-rotation-sheet-of-the-same-enem__20260918-112721.png	slug	unknown	same-2x2-rotation-sheet-of-the-same-enem__20260918-112721	sheet	ship	enemy ship rotation views		raw/same-2x2-rotation-sheet-of-the-same-enem__20260918-112721.png			2x2	ship rear view | ship angled view | ship side view | ship bottom view
raw/same-2x2-rotation-sheet-of-the-same-enem__20260918-112813.png	slug	unknown	same-2x2-rotation-sheet-of-the-same-enem__20260918-112813	sheet	ship	enemy ship rotation views		raw/same-2x2-rotation-sheet-of-the-same-enem__20260918-112813.png			2x2	rear view enemy ship | angled side enemy ship | side view enemy ship | front view enemy ship
raw/seamless-repeating-pattern-wallpaper-tex.png	slug	unknown	seamless-repeating-pattern-wallpaper-tex	sheet	backdrop	seamless starfield space background		raw/seamless-repeating-pattern-wallpaper-tex.png			1x1	starfield background
raw/sector-backdrop-plate-a-wide-16-9-cinem__20260918-111724.png	slug	unknown	sector-backdrop-plate-a-wide-16-9-cinem__20260918-111724	sheet	backdrop	dark space station backdrop plate		raw/sector-backdrop-plate-a-wide-16-9-cinem__20260918-111724.png			1x1	space station frame
raw/sector-backdrop-plate-a-wide-16-9-cinem__20260918-111829.png	slug	unknown	sector-backdrop-plate-a-wide-16-9-cinem__20260918-111829	sheet	backdrop	deep space asteroid field backdrop		raw/sector-backdrop-plate-a-wide-16-9-cinem__20260918-111829.png			1x1	asteroid field debris
raw/sector-backdrop-plate-a-wide-16-9-cinem__20260918-111927.png	slug	unknown	sector-backdrop-plate-a-wide-16-9-cinem__20260918-111927	sheet	backdrop	dark space nebula backdrop plate		raw/sector-backdrop-plate-a-wide-16-9-cinem__20260918-111927.png			1x1	dark nebula cloud
raw/sector-backdrop-plate-a-wide-16-9-cinem__20260918-112053.png	slug	unknown	sector-backdrop-plate-a-wide-16-9-cinem__20260918-112053	sheet	backdrop	dark space debris wreckage backdrop		raw/sector-backdrop-plate-a-wide-16-9-cinem__20260918-112053.png			1x1	space debris wreckage
raw/single-small-energy-ring-burnt-ember-c__20260917-183628.png	slug	unknown	single-small-energy-ring-burnt-ember-c__20260917-183628	sheet	gate	burnt ember energy ring		raw/single-small-energy-ring-burnt-ember-c__20260917-183628.png			1x1	burnt ember energy ring
raw/single-small-energy-ring-burnt-ember-c__20260917-184216.png	slug	unknown	single-small-energy-ring-burnt-ember-c__20260917-184216	sheet	fx	burnt ember energy ring		raw/single-small-energy-ring-burnt-ember-c__20260917-184216.png			1x1	burnt ember energy ring
raw/ui-bar-caps-and-ui-minimap-bezel-one-pa__keyed.png	slug	unknown	ui-bar-caps-and-ui-minimap-bezel-one-pa__keyed	sheet-keyed	ui_frame	ui bar caps and minimap bezel		raw/ui-bar-caps-and-ui-minimap-bezel-one-pa__keyed.png				angled bar cap | angled bar cap | riveted minimap bezel
raw/ui-button-plate-a-square-panel-with-fou.png	slug	unknown	ui-button-plate-a-square-panel-with-fou	sheet	ui_button	metal button plates four variants		raw/ui-button-plate-a-square-panel-with-fou.png			2x2	beveled plate dark gray | beveled plate rust tinge | flat plate dark gray | beveled plate plain dark
raw/ui-button-plate-a-square-panel-with-fou__keyed.png	slug	unknown	ui-button-plate-a-square-panel-with-fou__keyed	sheet-keyed	ui_frame	dark metal button plates		raw/ui-button-plate-a-square-panel-with-fou__keyed.png				beveled studded plate | rusted studded plate | beveled studded plate | flat studded plate
raw/f1_ice_moon.png	phase-prefix	unknown	f1_ice_moon	sheet	moon	single icy cratered moon		raw/f1_ice_moon.png			1x1	cratered icy moon
raw/f1_panel_frame.png	phase-prefix	unknown	f1_panel_frame	sheet	ui_frame	riveted metal square panel frame		raw/f1_panel_frame.png			1x1	riveted metal panel frame
raw/f1_panel_frame__keyed.png	phase-prefix	unknown	f1_panel_frame__keyed	sheet-keyed	ui_frame	metal square ui panel frame		raw/f1_panel_frame__keyed.png				metal square panel frame
raw/p2_contracts.png	phase-prefix	unknown	p2_contracts	sheet	icon	black ui contract icons		raw/p2_contracts.png			2x3	cargo cart | target crosshair | hanging crate | download tray | upload arrow
raw/p2_faction_insignia.png	phase-prefix	unknown	p2_faction_insignia	sheet	logo	weathered metal faction insignia set		raw/p2_faction_insignia.png			2x2	three slat insignia | split hex insignia | flame leaf insignia
